Date(D/M/YYYY),PM2.5,PM10,O3,NO2,SO2,AQI
1-Jun-19,222.0,190.0,121.0,108.0,42.0,272
2-Jun-19,170.0,153.0,85.0,93.0,26.0,220
3-Jun-19,223.0,263.0,94.0,74.0,37.0,273
4-Jun-19,153.0,126.0,110.0,41.0,4.0,203
5-Jun-19,157.0,130.0,111.0,40.0,8.0,207
6-Jun-19,129.0,77.0,114.0,26.0,2.0,170
7-Jun-19,149.0,78.0,97.0,61.0,5.0,199
8-Jun-19,156.0,112.0,99.0,75.0,35.0,206
9-Jun-19,160.0,112.0,93.0,78.0,19.0,210
10-Jun-19,168.0,151.0,104.0,89.0,23.0,218
11-Jun-19,171.0,253.0,86.0,65.0,23.0,221
12-Jun-19,160.0,173.0,86.0,36.0,5.0,210
13-Jun-19,142.0,122.0,86.0,66.0,8.0,188
14-Jun-19,156.0,129.0,109.0,92.0,19.0,206
15-Jun-19,188.0,170.0,87.0,59.0,19.0,238
16-Jun-19,154.0,126.0,77.0,43.0,77.0,204
17-Jun-19,153.0,75.0,81.0,54.0,1.0,203
18-Jun-19,128.0,118.0,98.0,27.0,1.0,168
19-Jun-19,169.0,179.0,114.0,53.0,7.0,219
20-Jun-19,153.0,144.0,97.0,62.0,18.0,203
21-Jun-19,188.0,141.0,96.0,59.0,17.0,238
22-Jun-19,159.0,141.0,96.0,57.0,17.0,209
23-Jun-19,160.0,134.0,96.0,57.0,16.0,210
24-Jun-19,163.0,135.0,96.0,57.0,16.0,213
25-Jun-19,176.0,135.0,95.0,58.0,17.0,226
26-Jun-19,166.0,138.0,94.0,60.0,18.0,216
27-Jun-19,135.0,141.0,94.0,60.0,18.0,178
28-Jun-19,186.0,144.0,93.0,59.0,17.0,236
29-Jun-19,151.0,144.0,93.0,58.0,17.0,201
30-Jun-19,149.0,144.0,93.0,56.0,17.0,199
1-Jul-19,152.0,162.0,97.0,60.0,12.0,202
2-Jul-19,156.0,162.0,95.0,58.0,14.0,206
3-Jul-19,158.0,109.0,113.0,27.0,11.0,208
4-Jul-19,154.0,85.0,131.0,27.0,10.0,204
5-Jul-19,124.0,38.0,110.0,41.0,16.0,163
6-Jul-19,141.0,65.0,59.0,80.0,16.0,187
7-Jul-19,149.0,67.0,89.0,32.0,16.0,199
8-Jul-19,155.0,90.0,69.0,37.0,17.0,205
9-Jul-19,127.0,69.0,90.0,21.0,16.0,167
10-Jul-19,153.0,112.0,68.0,21.0,16.0,203
11-Jul-19,139.0,95.0,92.0,40.0,16.0,184
12-Jul-19,171.0,232.0,60.0,193.0,16.0,221
13-Jul-19,139.0,84.0,109.0,299.0,16.0,316
14-Jul-19,89.0,31.0,87.0,27.0,16.0,117
15-Jul-19,137.0,100.0,90.0,68.0,16.0,181
16-Jul-19,119.0,95.0,90.0,69.0,16.0,155
17-Jul-19,103.0,90.0,89.0,70.0,14.0,135
18-Jul-19,119.0,89.0,88.0,73.0,15.0,155
19-Jul-19,133.0,89.0,85.0,76.0,15.0,176
20-Jul-19,136.0,93.0,83.0,79.0,15.0,180
21-Jul-19,135.0,48.0,72.0,29.0,6.0,178
22-Jul-19,156.0,63.0,14.0,13.0,14.0,206
23-Jul-19,164.0,83.0,78.0,56.0,14.0,214
24-Jul-19,156.0,19.0,85.0,6.0,14.0,206
25-Jul-19,105.0,90.0,84.0,62.0,14.0,137
26-Jul-19,103.0,87.0,84.0,62.0,15.0,135
27-Jul-19,108.0,84.0,82.0,62.0,15.0,141
28-Jul-19,123.0,83.0,80.0,64.0,14.0,161
29-Jul-19,123.0,83.0,79.0,65.0,14.0,161
30-Jul-19,125.0,85.0,80.0,66.0,14.0,164
31-Jul-19,106.0,85.0,79.0,66.0,14.0,139
1-Aug-19,116.0,21.0,62.0,21.0,14.0,151
2-Aug-19,78.0,21.0,62.0,71.0,2.0,104
3-Aug-19,101.0,35.0,7.0,27.0,26.0,132
4-Aug-19,113.0,34.0,18.0,54.0,63.0,147
5-Aug-19,105.0,27.0,37.0,43.0,26.0,137
6-Aug-19,141.0,29.0,31.0,48.0,29.0,187
7-Aug-19,114.0,31.0,23.0,43.0,36.0,149
8-Aug-19,164.0,30.0,27.0,47.0,38.0,214
9-Aug-19,154.0,71.0,29.0,45.0,18.0,204
10-Aug-19,143.0,35.0,27.0,45.0,15.0,190
11-Aug-19,104.0,31.0,31.0,45.0,26.0,136
12-Aug-19,112.0,32.0,68.0,45.0,27.0,146
13-Aug-19,104.0,31.0,66.0,45.0,12.0,136
14-Aug-19,123.0,33.0,38.0,45.0,13.0,161
15-Aug-19,113.0,28.0,28.0,45.0,24.0,147
16-Aug-19,98.0,22.0,26.0,45.0,14.0,129
17-Aug-19,85.0,20.0,21.0,45.0,15.0,112
18-Aug-19,119.0,27.0,75.0,45.0,23.0,155
19-Aug-19,98.0,28.0,79.0,45.0,23.0,129
20-Aug-19,133.0,44.0,44.0,45.0,17.0,176
21-Aug-19,142.0,67.0,50.0,50.0,16.0,188
22-Aug-19,129.0,48.0,27.0,41.0,18.0,170
23-Aug-19,131.0,45.0,80.0,40.0,24.0,173
24-Aug-19,157.0,65.0,80.0,47.0,17.0,207
25-Aug-19,144.0,42.0,76.0,27.0,15.0,191
26-Aug-19,115.0,48.0,55.0,43.0,17.0,150
27-Aug-19,160.0,59.0,56.0,47.0,18.0,210
28-Aug-19,198.0,59.0,56.0,47.0,18.0,248
29-Aug-19,160.0,47.0,62.0,31.0,14.0,210
30-Aug-19,143.0,35.0,33.0,32.0,14.0,190
31-Aug-19,174.0,48.0,40.0,25.0,18.0,224
1-Sep-19,146.0,56.0,41.0,32.0,47.0,194
2-Sep-19,148.0,51.0,46.0,45.0,14.0,197
3-Sep-19,166.0,67.0,85.0,50.0,15.0,216
4-Sep-19,167.0,53.0,55.0,41.0,14.0,217
5-Sep-19,101.0,23.0,56.0,40.0,12.0,132
6-Sep-19,136.0,42.0,56.0,47.0,12.0,180
7-Sep-19,133.0,41.0,62.0,27.0,13.0,176
8-Sep-19,163.0,44.0,33.0,43.0,12.0,213
9-Sep-19,155.0,49.0,70.0,47.0,11.0,205
10-Sep-19,151.0,42.0,37.0,47.0,10.0,201
11-Sep-19,155.0,48.0,56.0,31.0,12.0,205
12-Sep-19,162.0,59.0,51.0,32.0,12.0,212
13-Sep-19,157.0,47.0,56.0,25.0,23.0,207
14-Sep-19,159.0,35.0,56.0,32.0,11.0,209
15-Sep-19,158.0,48.0,63.0,45.0,4.0,208
16-Sep-19,145.0,56.0,47.0,50.0,3.0,193
17-Sep-19,136.0,51.0,55.0,41.0,3.0,180
18-Sep-19,159.0,67.0,42.0,40.0,3.0,209
19-Sep-19,133.0,53.0,60.0,47.0,3.0,176
20-Sep-19,128.0,23.0,63.0,27.0,3.0,168
21-Sep-19,183.0,42.0,57.0,43.0,35.0,233
22-Sep-19,155.0,41.0,62.0,47.0,4.0,205
23-Sep-19,130.0,44.0,19.0,47.0,3.0,171
24-Sep-19,133.0,49.0,57.0,31.0,15.0,176
25-Sep-19,150.0,42.0,62.0,32.0,13.0,200
26-Sep-19,161.0,48.0,19.0,25.0,3.0,211
27-Sep-19,156.0,34.0,46.0,32.0,3.0,206
28-Sep-19,116.0,20.0,55.0,9.0,3.0,151
29-Sep-19,93.0,26.0,41.0,11.0,3.0,122
30-Sep-19,183.0,60.0,50.0,37.0,4.0,233
1-Oct-19,142.0,47.0,22.0,29.0,3.0,188
2-Oct-19,162.0,59.0,57.0,37.0,4.0,212
3-Oct-19,163.0,48.0,56.0,27.0,3.0,213
4-Oct-19,185.0,64.0,51.0,41.0,4.0,235
5-Oct-19,143.0,87.0,56.0,36.0,15.0,190
6-Oct-19,142.0,44.0,56.0,32.0,16.0,188
7-Oct-19,144.0,56.0,63.0,27.0,15.0,191
8-Oct-19,155.0,57.0,47.0,44.0,22.0,205
9-Oct-19,185.0,67.0,55.0,46.0,21.0,235
10-Oct-19,184.0,52.0,42.0,40.0,25.0,234
11-Oct-19,224.0,57.0,60.0,56.0,16.0,274
12-Oct-19,192.0,69.0,63.0,49.0,23.0,242
13-Oct-19,200.0,57.0,57.0,45.0,25.0,250
14-Oct-19,200.0,52.0,62.0,50.0,22.0,250
15-Oct-19,188.0,57.0,19.0,45.0,10.0,238
16-Oct-19,223.0,69.0,66.0,43.0,13.0,273
17-Oct-19,246.0,57.0,17.0,44.0,13.0,296
18-Oct-19,156.0,52.0,59.0,13.0,9.0,206
19-Oct-19,163.0,40.0,17.0,21.0,10.0,213
20-Oct-19,165.0,32.0,59.0,30.0,9.0,215
21-Oct-19,187.0,172.0,44.0,28.0,28.0,237
22-Oct-19,193.0,182.0,53.0,26.0,18.0,243
23-Oct-19,213.0,133.0,52.0,21.0,17.0,263
24-Oct-19,237.0,111.0,56.0,20.0,22.0,287
25-Oct-19,253.0,110.0,56.0,15.0,15.0,303
26-Oct-19,294.0,162.0,2.0,18.0,2.0,344
27-Oct-19,265.0,91.0,17.0,40.0,43.0,315
28-Oct-19,297.0,299.0,57.0,32.0,17.0,347
29-Oct-19,315.0,106.0,19.0,106.0,32.0,365
30-Oct-19,374.0,120.0,59.0,32.0,36.0,416
31-Oct-19,338.0,159.0,20.0,107.0,39.0,388
1-Nov-19,402.0,183.0,36.0,70.0,57.0,435
2-Nov-19,288.0,148.0,25.0,29.0,46.0,338
3-Nov-19,255.0,113.0,39.0,81.0,39.0,305
4-Nov-19,248.0,123.0,32.0,96.0,39.0,298
5-Nov-19,204.0,122.0,39.0,88.0,49.0,254
6-Nov-19,266.0,157.0,46.0,66.0,25.0,316
7-Nov-19,136.0,40.0,17.0,38.0,14.0,180
8-Nov-19,165.0,66.0,39.0,16.0,6.0,215
9-Nov-19,200.0,40.0,167.0,15.0,25.0,250
10-Nov-19,182.0,32.0,166.0,12.0,36.0,232
11-Nov-19,207.0,81.0,182.0,19.0,41.0,257
12-Nov-19,272.0,227.0,17.0,123.0,26.0,322
13-Nov-19,370.0,262.0,18.0,129.0,28.0,414
14-Nov-19,369.0,111.0,24.0,149.0,46.0,413
15-Nov-19,286.0,98.0,13.0,150.0,44.0,336
16-Nov-19,259.0,82.0,24.0,549.0,51.0,425
17-Nov-19,188.0,57.0,25.0,57.0,21.0,238
18-Nov-19,214.0,97.0,30.0,94.0,40.0,264
19-Nov-19,299.0,168.0,41.0,113.0,50.0,349
20-Nov-19,310.0,118.0,41.0,182.0,49.0,360
21-Nov-19,451.0,223.0,46.0,97.0,19.0,467
22-Nov-19,319.0,149.0,12.0,79.0,40.0,369
23-Nov-19,181.0,101.0,53.0,58.0,27.0,231
24-Nov-19,186.0,112.0,19.0,62.0,33.0,236
25-Nov-19,236.0,137.0,12.0,95.0,27.0,286
26-Nov-19,333.0,171.0,53.0,107.0,56.0,383
27-Nov-19,186.0,81.0,19.0,56.0,24.0,236
28-Nov-19,227.0,103.0,16.0,47.0,20.0,277
29-Nov-19,221.0,100.0,27.0,70.0,21.0,271
30-Nov-19,200.0,127.0,29.0,82.0,37.0,250
1-Dec-19,254.0,81.0,27.0,70.0,36.0,304
2-Dec-19,273.0,174.0,32.0,114.0,57.0,323
3-Dec-19,276.0,186.0,34.0,127.0,54.0,326
4-Dec-19,324.0,178.0,37.0,138.0,44.0,374
5-Dec-19,333.0,173.0,29.0,120.0,28.0,383
6-Dec-19,370.0,81.0,37.0,120.0,44.0,414
7-Dec-19,317.0,170.0,40.0,131.0,43.0,367
8-Dec-19,369.0,186.0,40.0,144.0,38.0,413
9-Dec-19,337.0,182.0,24.0,147.0,44.0,387
10-Dec-19,478.0,202.0,31.0,150.0,43.0,485
11-Dec-19,380.0,168.0,19.0,125.0,31.0,420
12-Dec-19,281.0,103.0,11.0,59.0,17.0,331
13-Dec-19,171.0,55.0,20.0,40.0,7.0,221
14-Dec-19,224.0,86.0,11.0,53.0,12.0,274
15-Dec-19,192.0,80.0,14.0,42.0,10.0,242
16-Dec-19,189.0,81.0,12.0,39.0,4.0,239
17-Dec-19,260.0,132.0,14.0,73.0,7.0,310
18-Dec-19,294.0,138.0,18.0,75.0,8.0,344
19-Dec-19,236.0,115.0,13.0,45.0,4.0,286
20-Dec-19,417.0,170.0,8.0,67.0,15.0,445
21-Dec-19,305.0,125.0,11.0,60.0,17.0,355
22-Dec-19,276.0,119.0,10.0,54.0,10.0,326
23-Dec-19,313.0,140.0,10.0,68.0,11.0,363
24-Dec-19,280.0,119.0,11.0,60.0,12.0,330
25-Dec-19,282.0,140.0,10.0,54.0,15.0,332
26-Dec-19,296.0,101.0,10.0,50.0,15.0,346
27-Dec-19,315.0,105.0,13.0,54.0,11.0,365
28-Dec-19,330.0,101.0,5.0,45.0,10.0,380
29-Dec-19,312.0,101.0,10.0,50.0,15.0,362
30-Dec-19,301.0,105.0,13.0,54.0,11.0,351
31-Dec-19,300.0,101.0,5.0,45.0,10.0,350
1-Jan-20,355.0,192.0,12.0,11.0,15.0,404
2-Jan-20,375.0,305.0,15.0,86.0,35.0,417
3-Jan-20,311.0,269.0,25.0,95.0,65.0,361
4-Jan-20,370.0,260.0,20.0,108.0,48.0,414
5-Jan-20,246.0,72.0,11.0,63.0,32.0,296
6-Jan-20,189.0,47.0,7.0,45.0,12.0,239
7-Jan-20,238.0,32.0,9.0,43.0,11.0,288
8-Jan-20,199.0,49.0,11.0,48.0,13.0,249
9-Jan-20,199.0,103.0,18.0,69.0,26.0,249
10-Jan-20,216.0,30.0,21.0,72.0,29.0,266
11-Jan-20,225.0,29.0,23.0,89.0,37.0,275
12-Jan-20,206.0,33.0,25.0,55.0,25.0,256
13-Jan-20,164.0,74.0,11.0,31.0,11.0,214
14-Jan-20,183.0,143.0,11.0,81.0,37.0,233
15-Jan-20,205.0,142.0,18.0,32.0,25.0,255
16-Jan-20,250.0,105.0,21.0,58.0,11.0,300
17-Jan-20,334.0,71.0,23.0,70.0,21.0,384
18-Jan-20,337.0,143.0,20.0,80.0,21.0,387
19-Jan-20,327.0,142.0,23.0,83.0,27.0,377
20-Jan-20,224.0,105.0,25.0,81.0,33.0,274
21-Jan-20,173.0,71.0,15.0,32.0,20.0,223
22-Jan-20,173.0,69.0,23.0,58.0,26.0,223
23-Jan-20,187.0,78.0,20.0,70.0,41.0,237
24-Jan-20,202.0,100.0,25.0,79.0,38.0,252
25-Jan-20,237.0,128.0,21.0,94.0,48.0,287
26-Jan-20,291.0,78.0,20.0,94.0,48.0,341
27-Jan-20,278.0,132.0,14.0,83.0,30.0,328
28-Jan-20,205.0,59.0,8.0,37.0,9.0,255
29-Jan-20,183.0,61.0,19.0,35.0,10.0,233
30-Jan-20,226.0,83.0,16.0,48.0,11.0,276
31-Jan-20,113.0,91.0,27.0,66.0,38.0,147
1-Feb-20,34.0,109.0,28.0,61.0,21.0,106
2-Feb-20,33.0,129.0,31.0,75.0,27.0,120
3-Feb-20,33.0,129.0,32.0,81.0,27.0,120
4-Feb-20,38.0,128.0,20.0,78.0,17.0,119
5-Feb-20,33.0,89.0,36.0,55.0,40.0,89
6-Feb-20,33.0,103.0,34.0,66.0,22.0,102
7-Feb-20,33.0,162.0,28.0,95.0,34.0,142
8-Feb-20,34.0,133.0,26.0,86.0,46.0,122
9-Feb-20,31.0,141.0,35.0,74.0,31.0,128
10-Feb-20,34.0,133.0,28.0,86.0,46.0,122
11-Feb-20,116.0,73.0,23.0,94.0,36.0,151
12-Feb-20,186.0,52.0,19.0,68.0,46.0,236
13-Feb-20,181.0,50.0,28.0,54.0,42.0,231
14-Feb-20,138.0,46.0,33.0,51.0,31.0,183
15-Feb-20,158.0,38.0,43.0,60.0,36.0,208
16-Feb-20,180.0,36.0,44.0,82.0,34.0,230
17-Feb-20,203.0,78.0,29.0,91.0,68.0,253
18-Feb-20,199.0,137.0,43.0,93.0,77.0,249
19-Feb-20,185.0,103.0,44.0,45.0,28.0,235
20-Feb-20,173.0,66.0,44.0,46.0,20.0,223
21-Feb-20,110.0,39.0,41.0,38.0,18.0,144
22-Feb-20,200.0,88.0,39.0,67.0,28.0,250
23-Feb-20,194.0,91.0,38.0,72.0,49.0,244
24-Feb-20,224.0,103.0,38.0,71.0,36.0,274
25-Feb-20,209.0,96.0,40.0,74.0,50.0,259
26-Feb-20,222.0,103.0,43.0,68.0,42.0,272
27-Feb-20,195.0,86.0,38.0,48.0,18.0,245
28-Feb-20,198.0,80.0,36.0,34.0,11.0,248
29-Feb-20,111.0,30.0,37.0,22.0,8.0,145
1-Mar-20,164.0,52.0,40.0,40.0,18.0,214
2-Mar-20,171.0,87.0,43.0,54.0,25.0,221
3-Mar-20,161.0,73.0,57.0,40.0,43.0,211
4-Mar-20,228.0,68.0,43.0,47.0,22.0,278
5-Mar-20,111.0,30.0,36.0,28.0,9.0,145
6-Mar-20,89.0,17.0,29.0,23.0,5.0,117
7-Mar-20,73.0,20.0,29.0,18.0,2.0,97
8-Mar-20,119.0,40.0,30.0,27.0,4.0,155
9-Mar-20,101.0,52.0,36.0,43.0,11.0,132
10-Mar-20,180.0,93.0,40.0,70.0,30.0,230
11-Mar-20,143.0,49.0,25.0,42.0,11.0,190
12-Mar-20,69.0,25.0,51.0,12.0,3.0,92
13-Mar-20,91.0,28.0,45.0,27.0,9.0,120
14-Mar-20,147.0,48.0,28.0,33.0,14.0,196
15-Mar-20,174.0,84.0,37.0,42.0,17.0,224
16-Mar-20,170.0,104.0,32.0,62.0,28.0,220
17-Mar-20,166.0,84.0,47.0,53.0,35.0,216
18-Mar-20,168.0,89.0,41.0,56.0,24.0,218
19-Mar-20,195.0,98.0,55.0,56.0,27.0,245
20-Mar-20,217.0,92.0,48.0,56.0,41.0,267
21-Mar-20,151.0,61.0,44.0,32.0,22.0,201
22-Mar-20,215.0,79.0,42.0,32.0,27.0,265
23-Mar-20,130.0,98.0,48.0,56.0,41.0,171
24-Mar-20,122.0,92.0,44.0,32.0,22.0,160
25-Mar-20,88.0,29.0,33.0,9.0,6.0,116
26-Mar-20,97.0,35.0,43.0,11.0,6.0,127
27-Mar-20,51.0,16.0,26.0,2.0,1.0,70
28-Mar-20,62.0,26.0,30.0,8.0,3.0,84
29-Mar-20,98.0,36.0,38.0,10.0,8.0,129
30-Mar-20,101.0,46.0,37.0,18.0,21.0,132
31-Mar-20,100.0,37.0,36.0,13.0,4.0,131
1-Apr-20,73.0,29.368,48.0,8.969,87.0,103
2-Apr-20,54.0,33.235,44.0,10.721,120.0,114
3-Apr-20,96.0,42.663,33.0,82.0,133.0,126
4-Apr-20,108.0,45.038,43.0,86.0,66.0,141
5-Apr-20,126.0,56.978,26.0,9.867,70.0,165
6-Apr-20,58.0,12.665,30.0,147.0,68.0,167
7-Apr-20,68.0,14.999,38.0,82.0,69.0,102
8-Apr-20,70.0,40.0,37.0,86.0,100.0,107
9-Apr-20,120.0,36.0,36.0,89.0,115.0,157
10-Apr-20,87.0,33.0,29.0,65.0,125.0,116
11-Apr-20,88.0,33.0,34.0,179.0,123.0,199
12-Apr-20,111.0,33.0,48.0,96.0,141.0,145
13-Apr-20,144.0,34.0,22.0,88.0,131.0,191
14-Apr-20,129.0,35.0,25.0,76.0,151.0,170
15-Apr-20,137.0,35.0,49.0,50.0,142.0,181
16-Apr-20,106.0,27.363,19.0,86.0,138.0,139
17-Apr-20,101.0,33.304,200.0,73.0,175.0,280
18-Apr-20,56.0,16.984,202.0,52.0,171.0,285
19-Apr-20,78.0,10.264,54.0,52.0,156.0,126
20-Apr-20,94.0,8.538,67.0,75.0,165.0,129
21-Apr-20,83.0,18.214,190.0,148.0,141.0,254
22-Apr-20,153.0,7.186,200.0,199.0,157.0,280
23-Apr-20,121.0,27.291,179.0,124.0,172.0,226
24-Apr-20,136.0,27.291,185.0,207.0,175.0,242
25-Apr-20,118.0,6.594,154.0,56.0,185.0,179
26-Apr-20,120.0,56.0,105.0,87.0,209.0,157
27-Apr-20,64.0,56.0,60.0,99.0,206.0,142
28-Apr-20,93.0,47.0,143.0,89.0,160.0,163
29-Apr-20,120.0,64.0,143.0,8.969,157.0,163
30-Apr-20,122.0,29.0,77.0,10.721,203.0,160
1-May-20,159.0,19.0,154.0,9.867,203.0,209
2-May-20,119.0,16.0,239.0,29.1269,148.0,307
3-May-20,132.0,23.0,159.0,19.0,87.0,187
4-May-20,119.0,27.0,203.0,18.0,112.0,287
5-May-20,116.0,16.0,136.0,17.0,171.0,153
6-May-20,178.0,39.0,77.0,7.0,195.0,228
7-May-20,118.0,34.0,174.0,8.0,197.0,214
8-May-20,146.0,34.0,206.0,8.0,194.0,295
9-May-20,134.0,13.0,151.0,10.0,181.0,177
10-May-20,166.0,17.0,147.0,10.0,175.0,216
11-May-20,117.0,24.0,161.0,14.0,153.0,190
12-May-20,156.0,21.0,80.0,23.0,162.0,206
13-May-20,114.0,28.0,203.0,7.0,152.0,287
14-May-20,121.0,21.0,158.0,17.0,143.0,185
15-May-20,132.0,56.0,153.0,12.0,129.0,178
16-May-20,188.0,56.0,130.0,62.0,208.0,238
17-May-20,129.0,47.0,154.0,6.0,157.0,179
18-May-20,131.0,64.0,239.0,107.0,167.0,307
19-May-20,199.0,29.0,159.0,15.0,194.0,249
20-May-20,120.0,19.0,203.0,15.0,123.0,287
21-May-20,142.0,16.0,136.0,18.0,10.557,188
22-May-20,161.0,23.0,77.0,18.0,5.858,211
23-May-20,135.0,27.0,174.0,12.0,18.746,214
24-May-20,102.0,16.0,206.0,14.0,11.335,295
25-May-20,119.0,39.0,151.0,16.0,19.854,175
26-May-20,135.0,34.0,147.0,8.0,28.076,178
27-May-20,103.0,34.0,161.0,8.0,23.421,190
28-May-20,103.0,13.0,80.0,23.0,18.377,135
29-May-20,100.0,17.0,203.0,71.0,59.38,287
30-May-20,104.0,24.0,158.0,34.0,13.524,185
31-May-20,99.0,21.0,153.0,28.0,13.402,178
1-Jun-20,92.0,28.0,130.0,133.0,23.097,153
2-Jun-20,111.0,21.0,29.0,35.0,187.45,145
3-Jun-20,125.0,56.0,22.0,29.0,87.28,164
4-Jun-20,120.0,56.0,31.0,32.0,87.461,157
5-Jun-20,105.0,47.0,35.0,28.0,16.113,137
6-Jun-20,93.0,64.0,29.0,35.0,17.0,122
7-Jun-20,167.0,29.0,34.0,35.0,27.895,217
8-Jun-20,159.0,19.0,48.0,42.0,178.931,209
9-Jun-20,168.0,16.0,22.0,28.0,27.901,218
10-Jun-20,162.0,23.0,25.0,71.0,2.228,212
11-Jun-20,172.0,27.0,49.0,105.0,3.31,222
12-Jun-20,148.0,16.0,19.0,97.0,24.709,197
13-Jun-20,139.0,39.0,200.0,77.0,170.71,280
14-Jun-20,144.0,34.0,202.0,108.0,51.174,285
15-Jun-20,158.0,34.0,54.0,81.0,3.0,208
16-Jun-20,154.0,13.0,67.0,54.0,3.0,204
17-Jun-20,157.0,17.0,190.0,64.0,43.0,254
18-Jun-20,153.0,24.0,200.0,80.0,6.0,280
19-Jun-20,139.0,21.0,179.0,28.0,3.0,226
20-Jun-20,153.0,28.0,185.0,98.0,6.0,242
21-Jun-20,151.0,21.0,154.0,106.0,3.0,201
22-Jun-20,112.0,56.0,105.0,47.0,4.0,146
23-Jun-20,138.0,56.0,60.0,48.0,6.0,183
24-Jun-20,123.0,47.0,143.0,28.0,4.0,163
25-Jun-20,111.0,64.0,143.0,67.0,4.0,163
26-Jun-20,119.0,29.0,77.0,79.0,87.0,155
27-Jun-20,146.0,19.0,154.0,66.0,120.0,194
28-Jun-20,145.0,16.0,239.0,108.0,133.0,307
29-Jun-20,88.0,23.0,159.0,97.0,66.0,187
30-Jun-20,148.0,27.0,203.0,87.0,70.0,287
1-Jul-20,153.0,16.0,136.0,28.0,68.0,203
2-Jul-20,146.0,39.0,77.0,28.0,69.0,194
3-Jul-20,144.0,34.0,174.0,42.0,100.0,214
4-Jul-20,127.0,34.0,206.0,33.0,115.0,295
5-Jul-20,132.0,13.0,151.0,28.0,125.0,175
6-Jul-20,140.0,17.0,147.0,42.0,123.0,186
7-Jul-20,128.0,24.0,161.0,63.0,141.0,190
8-Jul-20,60.0,21.0,80.0,65.0,131.0,118
9-Jul-20,103.0,28.0,203.0,28.0,151.0,287
10-Jul-20,134.0,21.0,158.0,31.0,142.0,185
11-Jul-20,78.0,48.838,153.0,37.0,138.0,178
12-Jul-20,49.0,24.929,130.0,80.0,175.0,144
13-Jul-20,120.0,28.0,32.852,33.0,171.0,157
14-Jul-20,129.0,21.0,29.0,11.0,156.0,170
15-Jul-20,109.0,48.838,34.0,36.0,165.0,142
16-Jul-20,157.0,24.929,48.0,27.0,141.0,207
17-Jul-20,127.0,34.0,22.0,45.0,157.0,167
18-Jul-20,130.0,13.0,25.0,28.0,172.0,171
19-Jul-20,99.0,17.0,49.0,12.0,175.0,132
20-Jul-20,69.0,24.0,19.0,10.0,185.0,135
21-Jul-20,78.0,21.0,200.0,64.0,209.0,280
22-Jul-20,143.0,28.0,202.0,51.0,206.0,285
23-Jul-20,152.0,21.0,54.0,56.0,160.0,202
24-Jul-20,133.0,24.0,67.0,73.0,157.0,176
25-Jul-20,110.0,21.0,190.0,36.0,203.0,254
26-Jul-20,86.0,28.0,200.0,145.0,203.0,280
27-Jul-20,131.0,21.0,179.0,200.0,148.0,226
28-Jul-20,98.0,48.0,185.0,147.0,87.0,242
29-Jul-20,89.0,21.0,154.0,82.0,112.0,179
30-Jul-20,59.0,43.0,105.0,86.0,171.0,131
31-Jul-20,70.0,56.0,60.0,89.0,195.0,139
1-Aug-20,70.0,56.0,143.0,65.0,197.0,163
2-Aug-20,62.0,47.0,143.0,179.0,194.0,199
3-Aug-20,83.0,64.0,77.0,96.0,181.0,134
4-Aug-20,78.0,29.0,154.0,88.0,175.0,179
5-Aug-20,86.0,19.0,239.0,76.0,153.0,307
6-Aug-20,73.0,16.0,159.0,50.0,162.0,187
7-Aug-20,52.0,23.0,203.0,86.0,152.0,287
8-Aug-20,92.0,27.0,136.0,73.0,143.0,153
9-Aug-20,110.0,16.0,77.0,52.0,129.0,144
10-Aug-20,83.0,39.0,174.0,52.0,208.0,214
11-Aug-20,145.0,34.0,206.0,75.0,157.0,295
12-Aug-20,94.0,34.0,151.0,148.0,167.0,175
13-Aug-20,100.0,13.0,147.0,199.0,194.0,219
14-Aug-20,57.0,17.0,161.0,124.0,123.0,190
15-Aug-20,71.0,24.0,80.0,207.0,10.557,227
16-Aug-20,102.0,21.0,203.0,56.0,5.858,287
17-Aug-20,90.0,28.0,158.0,87.0,18.746,185
18-Aug-20,104.0,21.0,153.0,99.0,11.335,178
19-Aug-20,80.0,34.0,130.0,89.0,19.854,144
20-Aug-20,61.0,13.0,154.0,8.969,28.076,179
21-Aug-20,57.0,17.0,239.0,10.721,23.421,307
22-Aug-20,162.0,24.0,159.0,9.867,18.377,212
23-Aug-20,105.0,21.0,203.0,29.1269,59.38,287
24-Aug-20,55.0,28.0,136.0,19.0,13.524,153
25-Aug-20,59.0,21.0,77.0,18.0,13.402,80
26-Aug-20,62.0,34.0,174.0,17.0,23.097,214
27-Aug-20,52.0,13.0,206.0,7.0,187.45,295
28-Aug-20,78.0,17.0,151.0,8.0,87.28,175
29-Aug-20,85.0,24.0,147.0,8.0,87.461,169
30-Aug-20,93.0,21.0,161.0,10.0,16.113,190
31-Aug-20,55.0,28.0,80.0,10.0,17.0,80
1-Sep-20,55.0,21.0,203.0,14.0,27.895,287
2-Sep-20,69.0,34.0,158.0,23.0,178.931,185
3-Sep-20,55.0,13.0,153.0,7.0,27.901,178
4-Sep-20,106.0,17.0,130.0,17.0,2.228,144
5-Sep-20,173.0,24.0,29.0,12.0,3.31,223
6-Sep-20,123.0,21.0,22.0,62.0,24.709,161
7-Sep-20,145.0,28.0,31.0,6.0,170.71,193
8-Sep-20,146.0,21.0,35.0,107.0,51.174,194
9-Sep-20,142.0,34.0,29.0,15.0,3.0,188
10-Sep-20,143.0,13.0,34.0,15.0,3.0,190
11-Sep-20,129.0,17.0,48.0,18.0,43.0,170
12-Sep-20,127.0,24.0,22.0,18.0,6.0,167
13-Sep-20,141.0,21.0,25.0,12.0,3.0,187
14-Sep-20,146.0,28.0,49.0,14.0,6.0,194
15-Sep-20,137.0,21.0,19.0,16.0,3.0,181
16-Sep-20,141.0,6.0,200.0,8.0,4.0,280
17-Sep-20,133.0,76.0,202.0,8.0,6.0,285
18-Sep-20,152.0,55.0,54.0,23.0,4.0,202
19-Sep-20,143.0,57.0,67.0,71.0,4.0,190
20-Sep-20,142.0,78.0,190.0,34.0,87.0,254
21-Sep-20,145.0,108.0,200.0,28.0,120.0,280
22-Sep-20,162.0,76.0,179.0,133.0,133.0,226
23-Sep-20,165.0,82.0,185.0,35.0,66.0,242
24-Sep-20,167.0,98.0,154.0,29.0,70.0,217
25-Sep-20,150.0,91.0,105.0,32.0,68.0,200
26-Sep-20,150.0,180.0,60.0,28.0,69.0,200
27-Sep-20,161.0,152.0,143.0,35.0,100.0,211
28-Sep-20,184.0,109.0,143.0,35.0,115.0,234
29-Sep-20,172.0,134.0,77.0,42.0,125.0,222
30-Sep-20,148.0,114.0,154.0,28.0,123.0,197
1-Oct-20,207.0,104.0,239.0,71.0,141.0,307
2-Oct-20,168.0,113.0,159.0,105.0,131.0,218
3-Oct-20,165.0,109.0,203.0,97.0,151.0,287
4-Oct-20,179.0,125.0,136.0,77.0,142.0,229
5-Oct-20,173.0,123.0,77.0,108.0,138.0,223
6-Oct-20,178.0,87.0,174.0,81.0,175.0,228
7-Oct-20,167.0,106.0,206.0,54.0,171.0,295
8-Oct-20,146.0,106.0,151.0,64.0,156.0,194
9-Oct-20,180.0,50.0,147.0,80.0,165.0,230
10-Oct-20,194.0,46.0,161.0,28.0,141.0,244
11-Oct-20,161.0,106.0,80.0,98.0,157.0,211
12-Oct-20,176.0,77.0,203.0,106.0,172.0,287
13-Oct-20,238.0,98.0,158.0,47.0,175.0,288
14-Oct-20,216.0,126.0,153.0,48.0,185.0,266
15-Oct-20,188.0,86.0,130.0,28.0,209.0,238
16-Oct-20,197.0,89.0,32.852,67.0,206.0,247
17-Oct-20,248.0,102.0,29.0,79.0,160.0,298
18-Oct-20,189.0,72.0,34.0,66.0,157.0,239
19-Oct-20,190.0,86.0,48.0,108.0,203.0,240
20-Oct-20,222.0,75.0,22.0,97.0,203.0,272
21-Oct-20,280.0,89.0,25.0,87.0,148.0,330
22-Oct-20,301.0,116.0,49.0,28.0,87.0,351
23-Oct-20,241.0,67.0,19.0,28.0,112.0,291
24-Oct-20,261.0,58.0,200.0,42.0,171.0,311
25-Oct-20,249.0,76.0,202.0,33.0,195.0,299
26-Oct-20,191.0,55.0,54.0,28.0,197.0,241
27-Oct-20,192.0,57.0,67.0,179.0,194.0,242
28-Oct-20,257.0,78.0,190.0,96.0,181.0,307
29-Oct-20,284.0,108.0,200.0,88.0,175.0,334
30-Oct-20,342.0,76.0,179.0,76.0,153.0,392
31-Oct-20,215.0,82.0,185.0,50.0,162.0,265
1-Nov-20,223.0,98.0,154.0,86.0,152.0,273
2-Nov-20,239.0,91.0,105.0,73.0,143.0,289
3-Nov-20,267.0,180.0,60.0,52.0,129.0,317
4-Nov-20,241.0,152.0,143.0,52.0,208.0,291
5-Nov-20,312.0,109.0,143.0,75.0,157.0,362
6-Nov-20,364.0,134.0,77.0,148.0,167.0,410
7-Nov-20,237.0,114.0,154.0,199.0,194.0,287
8-Nov-20,267.0,104.0,239.0,124.0,123.0,317
9-Nov-20,380.0,113.0,159.0,207.0,10.557,420
10-Nov-20,388.0,109.0,203.0,56.0,5.858,426
11-Nov-20,401.0,125.0,136.0,87.0,18.746,434
12-Nov-20,366.0,123.0,77.0,99.0,11.335,411
13-Nov-20,391.0,87.0,174.0,89.0,19.854,428
14-Nov-20,466.0,106.0,206.0,8.969,28.076,477
15-Nov-20,303.0,106.0,151.0,10.721,23.421,353
16-Nov-20,167.0,50.0,147.0,9.867,18.377,217
17-Nov-20,167.0,46.0,161.0,29.1269,59.38,217
18-Nov-20,207.0,106.0,80.0,19.0,13.524,257
19-Nov-20,244.0,77.0,203.0,18.0,13.402,294
20-Nov-20,252.0,98.0,158.0,17.0,23.097,302
21-Nov-20,188.0,126.0,153.0,7.0,187.45,238
22-Nov-20,249.0,86.0,130.0,8.0,87.28,299
23-Nov-20,337.0,89.0,154.0,8.0,87.461,387
24-Nov-20,184.0,102.0,239.0,10.0,16.113,307
25-Nov-20,276.0,72.0,159.0,10.0,17.0,326
26-Nov-20,226.0,86.0,203.0,14.0,27.895,287
27-Nov-20,174.0,75.0,136.0,23.0,178.931,224
28-Nov-20,219.0,89.0,77.0,7.0,27.901,269
29-Nov-20,266.0,116.0,174.0,17.0,2.228,316
30-Nov-20,375.0,67.0,206.0,12.0,3.31,417
1-Dec-20,331.0,58.0,151.0,62.0,24.709,381
2-Dec-20,215.0,109.0,147.0,6.0,170.71,265
3-Dec-20,295.0,125.0,161.0,107.0,51.174,345
4-Dec-20,335.0,123.0,80.0,15.0,3.0,385
5-Dec-20,303.0,87.0,203.0,15.0,3.0,353
6-Dec-20,396.0,106.0,158.0,18.0,43.0,431
7-Dec-20,250.0,106.0,153.0,18.0,6.0,300
8-Dec-20,305.0,50.0,130.0,12.0,3.0,355
9-Dec-20,215.0,46.0,29.0,10.0,6.0,265
10-Dec-20,235.0,106.0,22.0,107.0,3.0,285
11-Dec-20,224.0,77.0,31.0,15.0,4.0,274
12-Dec-20,134.0,98.0,35.0,15.0,6.0,177
13-Dec-20,162.0,77.0,29.0,18.0,4.0,212
14-Dec-20,179.0,76.0,34.0,18.0,4.0,229
15-Dec-20,192.0,55.0,48.0,12.0,87.0,242
16-Dec-20,203.0,57.0,22.0,10.0,120.0,253
17-Dec-20,285.0,78.0,25.0,18.0,133.0,335
18-Dec-20,279.0,108.0,49.0,12.0,66.0,329
19-Dec-20,352.0,76.0,19.0,10.0,70.0,402
20-Dec-20,308.0,82.0,200.0,64.0,68.0,358
21-Dec-20,323.0,98.0,202.0,51.0,69.0,373
22-Dec-20,402.0,91.0,54.0,56.0,100.0,435
23-Dec-20,400.0,180.0,67.0,73.0,115.0,434
24-Dec-20,429.0,152.0,190.0,36.0,125.0,453
25-Dec-20,433.0,109.0,200.0,145.0,123.0,455
26-Dec-20,358.0,134.0,179.0,200.0,141.0,406
27-Dec-20,195.0,114.0,185.0,147.0,131.0,245
28-Dec-20,199.0,104.0,154.0,82.0,151.0,249
29-Dec-20,259.0,113.0,105.0,86.0,142.0,309
30-Dec-20,341.0,109.0,60.0,89.0,138.0,391
31-Dec-20,376.0,125.0,143.0,65.0,175.0,418
1-Jan-21,378.0,123.0,143.0,179.0,171.0,419
2-Jan-21,334.0,87.0,77.0,96.0,156.0,384
3-Jan-21,241.0,106.0,154.0,88.0,165.0,291
4-Jan-21,201.0,106.0,239.0,76.0,141.0,307
5-Jan-21,145.0,50.0,159.0,50.0,157.0,193
6-Jan-21,147.0,46.0,203.0,86.0,172.0,287
7-Jan-21,182.0,106.0,136.0,73.0,175.0,232
8-Jan-21,186.0,77.0,77.0,52.0,185.0,236
9-Jan-21,230.0,98.0,174.0,52.0,209.0,280
10-Jan-21,226.0,126.0,206.0,75.0,206.0,295
11-Jan-21,366.0,86.0,151.0,148.0,160.0,411
12-Jan-21,304.0,89.0,147.0,199.0,157.0,354
13-Jan-21,312.0,102.0,161.0,124.0,203.0,362
14-Jan-21,280.0,72.0,80.0,207.0,203.0,330
15-Jan-21,386.0,86.0,203.0,56.0,148.0,424
16-Jan-21,316.0,75.0,158.0,87.0,87.0,366
17-Jan-21,234.0,89.0,153.0,99.0,112.0,284
18-Jan-21,291.0,116.0,130.0,89.0,171.0,341
19-Jan-21,255.0,67.0,32.852,8.969,195.0,305
20-Jan-21,224.0,58.0,30.0,10.721,197.0,274
21-Jan-21,261.0,109.0,27.0,9.867,194.0,311
22-Jan-21,228.0,125.0,48.0,29.1269,181.0,278
23-Jan-21,270.0,123.0,35.0,19.0,175.0,320
24-Jan-21,227.0,87.0,29.0,18.0,153.0,277
25-Jan-21,237.0,106.0,22.0,17.0,162.0,287
26-Jan-21,232.0,106.0,31.0,7.0,152.0,282
27-Jan-21,258.0,50.0,35.0,8.0,143.0,308
28-Jan-21,230.0,46.0,29.0,8.0,129.0,280
29-Jan-21,258.0,106.0,34.0,10.0,208.0,308
30-Jan-21,229.0,77.0,48.0,10.0,157.0,279
31-Jan-21,274.0,98.0,22.0,14.0,167.0,324
1-Feb-21,312.0,126.0,25.0,23.0,194.0,362
2-Feb-21,369.0,86.0,49.0,7.0,123.0,413
3-Feb-21,288.0,89.0,19.0,17.0,10.557,338
4-Feb-21,142.0,102.0,200.0,12.0,5.858,280
5-Feb-21,157.0,72.0,202.0,62.0,18.746,285
6-Feb-21,227.0,86.0,54.0,6.0,11.335,277
7-Feb-21,204.0,75.0,67.0,107.0,19.854,254
8-Feb-21,218.0,89.0,190.0,15.0,28.076,268
9-Feb-21,273.0,116.0,200.0,15.0,23.421,323
10-Feb-21,313.0,67.0,179.0,18.0,18.377,363
11-Feb-21,364.0,58.0,185.0,18.0,59.38,410
12-Feb-21,380.0,75.0,154.0,12.0,13.524,420
13-Feb-21,223.0,89.0,105.0,14.0,13.402,273
14-Feb-21,295.0,116.0,60.0,16.0,23.097,345
15-Feb-21,301.0,67.0,143.0,8.0,187.45,351
16-Feb-21,360.0,58.0,143.0,8.0,87.28,407
17-Feb-21,411.0,58.0,77.0,23.0,87.461,441
18-Feb-21,313.0,76.0,154.0,71.0,16.113,363
19-Feb-21,252.0,55.0,239.0,34.0,17.0,307
20-Feb-21,275.0,57.0,159.0,28.0,27.895,325
21-Feb-21,338.0,78.0,203.0,133.0,178.931,388
22-Feb-21,227.0,108.0,136.0,35.0,27.901,277
23-Feb-21,178.0,76.0,77.0,29.0,2.228,228
24-Feb-21,232.0,82.0,174.0,32.0,3.31,282
25-Feb-21,163.0,98.0,206.0,28.0,24.709,295
26-Feb-21,208.0,91.0,151.0,35.0,170.71,258
27-Feb-21,164.0,180.0,147.0,35.0,51.174,214
28-Feb-21,190.0,152.0,161.0,42.0,3.0,240
1-Mar-21,156.0,109.0,80.0,28.0,3.0,206
2-Mar-21,159.0,134.0,203.0,71.0,43.0,287
3-Mar-21,200.0,114.0,158.0,105.0,6.0,250
4-Mar-21,209.0,104.0,153.0,97.0,3.0,259
5-Mar-21,183.0,113.0,130.0,77.0,6.0,233
6-Mar-21,174.0,109.0,154.0,108.0,3.0,224
7-Mar-21,112.0,125.0,239.0,81.0,4.0,307
8-Mar-21,131.0,123.0,159.0,54.0,6.0,187
9-Mar-21,217.0,87.0,203.0,64.0,4.0,287
10-Mar-21,254.0,106.0,136.0,80.0,4.0,304
11-Mar-21,173.0,106.0,77.0,28.0,87.0,223
12-Mar-21,108.0,50.0,174.0,98.0,120.0,214
13-Mar-21,127.0,46.0,206.0,106.0,133.0,295
14-Mar-21,162.0,106.0,151.0,47.0,66.0,212
15-Mar-21,157.0,77.0,147.0,48.0,70.0,207
16-Mar-21,183.0,98.0,161.0,28.0,68.0,233
17-Mar-21,201.0,126.0,80.0,67.0,69.0,251
18-Mar-21,220.0,86.0,203.0,79.0,100.0,287
19-Mar-21,152.0,89.0,158.0,66.0,115.0,202
20-Mar-21,171.0,102.0,153.0,108.0,125.0,221
21-Mar-21,151.0,72.0,130.0,97.0,123.0,201
22-Mar-21,131.0,86.0,29.0,87.0,141.0,173
23-Mar-21,96.0,75.0,22.0,28.0,131.0,126
24-Mar-21,128.0,89.0,31.0,28.0,151.0,168
25-Mar-21,139.0,116.0,35.0,42.0,142.0,184
26-Mar-21,145.0,67.0,29.0,33.0,138.0,193
27-Mar-21,185.0,58.0,34.0,28.0,175.0,235
28-Mar-21,179.0,121.0,48.0,42.0,171.0,229
29-Mar-21,168.0,119.0,22.0,63.0,156.0,218
30-Mar-21,205.0,70.0,25.0,65.0,165.0,255
31-Mar-21,154.0,133.0,49.0,28.0,141.0,204
1-Apr-21,103.0,85.0,19.0,31.0,157.0,135
2-Apr-21,111.0,128.0,200.0,37.0,172.0,280
3-Apr-21,170.0,116.0,202.0,80.0,175.0,285
4-Apr-21,197.0,127.0,54.0,33.0,185.0,247
5-Apr-21,154.0,121.0,67.0,11.0,209.0,204
6-Apr-21,150.0,130.0,190.0,36.0,206.0,254
7-Apr-21,131.0,91.0,200.0,27.0,160.0,280
8-Apr-21,113.0,134.0,179.0,45.0,157.0,226
9-Apr-21,137.0,82.0,185.0,28.0,203.0,242
10-Apr-21,156.0,61.0,154.0,12.0,203.0,206
11-Apr-21,159.0,52.0,105.0,10.0,148.0,209
12-Apr-21,120.0,56.0,60.0,64.0,87.0,157
13-Apr-21,150.0,48.0,143.0,51.0,112.0,200
14-Apr-21,133.0,91.0,143.0,56.0,171.0,176
15-Apr-21,136.0,65.0,77.0,73.0,195.0,180
16-Apr-21,116.0,107.0,154.0,36.0,197.0,179
17-Apr-21,121.0,91.0,239.0,145.0,194.0,307
18-Apr-21,133.0,108.0,159.0,200.0,181.0,220
19-Apr-21,127.0,131.0,203.0,147.0,175.0,287
20-Apr-21,175.0,111.0,136.0,82.0,153.0,225
21-Apr-21,130.0,113.0,77.0,86.0,162.0,171
22-Apr-21,106.0,117.0,174.0,89.0,152.0,214
23-Apr-21,57.0,79.0,206.0,65.0,143.0,295
24-Apr-21,123.0,37.0,151.0,179.0,129.0,199
25-Apr-21,139.0,84.0,147.0,96.0,208.0,184
26-Apr-21,217.0,72.0,161.0,88.0,157.0,267
27-Apr-21,215.0,95.0,80.0,76.0,167.0,265
28-Apr-21,189.0,92.0,203.0,50.0,194.0,287
29-Apr-21,159.0,114.0,158.0,86.0,123.0,209
30-Apr-21,141.0,131.0,153.0,73.0,10.557,187
1-May-21,159.0,127.0,130.0,52.0,5.858,209
2-May-21,149.0,127.0,32.852,52.0,18.746,199
3-May-21,148.0,48.0,175.335,75.0,11.335,217
4-May-21,155.0,76.0,79.412,148.0,19.854,205
5-May-21,138.0,64.0,21.0,199.0,28.076,219
6-May-21,150.0,64.0,18.0,124.0,23.421,200
7-May-21,153.0,85.0,20.0,207.0,18.377,227
8-May-21,137.0,98.0,29.0,56.0,59.38,181
9-May-21,168.0,110.0,18.0,87.0,13.524,218
10-May-21,158.0,42.0,28.0,99.0,13.402,208
11-May-21,113.0,77.0,18.0,89.0,23.097,147
12-May-21,132.0,77.0,39.0,8.969,187.45,174
13-May-21,82.0,68.0,18.0,10.721,87.28,109
14-May-21,105.0,82.0,35.0,9.867,87.461,137
15-May-21,135.0,92.0,19.0,29.1269,16.113,178
16-May-21,133.0,101.0,19.0,19.0,17.0,176
17-May-21,111.0,109.0,28.0,18.0,27.895,145
18-May-21,128.0,50.0,18.0,17.0,178.931,168
19-May-21,128.0,76.0,32.0,7.0,27.901,168
20-May-21,120.0,55.0,20.0,8.0,2.228,157
21-May-21,68.0,57.0,27.0,8.0,3.31,91
22-May-21,114.0,78.0,18.0,10.0,24.709,149
23-May-21,107.0,108.0,26.0,10.0,170.71,140
24-May-21,121.0,76.0,41.0,14.0,51.174,158
25-May-21,129.0,82.0,30.0,23.0,3.0,170
26-May-21,127.0,98.0,27.0,7.0,3.0,167
27-May-21,140.0,91.0,48.0,17.0,43.0,186
28-May-21,164.0,180.0,35.0,12.0,6.0,214
29-May-21,178.0,152.0,29.0,62.0,3.0,228
30-May-21,104.0,109.0,22.0,6.0,6.0,136
31-May-21,148.0,134.0,31.0,107.0,3.0,197
1-Jun-21,78.0,114.0,35.0,15.0,4.0,110
2-Jun-21,122.0,104.0,29.0,15.0,6.0,160
3-Jun-21,104.0,113.0,34.0,18.0,4.0,136
4-Jun-21,142.0,109.0,48.0,18.0,4.0,188
5-Jun-21,107.0,125.0,22.0,12.0,87.0,140
6-Jun-21,118.0,123.0,25.0,14.0,120.0,154
7-Jun-21,132.0,87.0,49.0,16.0,133.0,174
8-Jun-21,121.0,106.0,19.0,8.0,66.0,158
9-Jun-21,141.0,106.0,200.0,8.0,70.0,280
10-Jun-21,153.0,50.0,202.0,23.0,68.0,285
11-Jun-21,120.0,46.0,54.0,71.0,69.0,157
12-Jun-21,121.0,106.0,67.0,34.0,100.0,158
13-Jun-21,83.0,77.0,190.0,28.0,115.0,254
14-Jun-21,120.0,98.0,200.0,133.0,125.0,280
15-Jun-21,151.0,126.0,179.0,35.0,123.0,226
16-Jun-21,106.0,86.0,185.0,29.0,141.0,242
17-Jun-21,154.0,89.0,154.0,32.0,131.0,204
18-Jun-21,140.0,102.0,105.0,28.0,151.0,186
19-Jun-21,128.0,72.0,60.0,35.0,142.0,168
20-Jun-21,74.0,86.0,143.0,35.0,138.0,163
21-Jun-21,106.0,75.0,143.0,42.0,175.0,163
22-Jun-21,118.0,89.0,77.0,28.0,171.0,154
23-Jun-21,131.0,116.0,154.0,71.0,156.0,179
24-Jun-21,127.0,67.0,239.0,105.0,165.0,307
25-Jun-21,95.0,58.0,159.0,97.0,141.0,187
26-Jun-21,117.0,72.0,203.0,77.0,157.0,287
27-Jun-21,119.0,78.0,136.0,108.0,172.0,155
28-Jun-21,115.5,80.0,77.0,81.0,175.0,132
29-Jun-21,115.0,50.0,174.0,54.0,185.0,214
30-Jun-21,111.0,64.0,206.0,64.0,209.0,295
1-Jul-21,115.0,61.0,151.0,80.0,206.0,175
2-Jul-21,116.0,60.0,147.0,28.0,160.0,169
3-Jul-21,116.0,32.0,161.0,98.0,157.0,190
4-Jul-21,114.0,27.0,80.0,106.0,203.0,149
5-Jul-21,113.0,64.0,203.0,47.0,203.0,287
6-Jul-21,115.0,91.0,158.0,48.0,148.0,185
7-Jul-21,114.0,110.0,153.0,28.0,87.0,178
8-Jul-21,114.0,62.0,130.0,67.0,112.0,149
9-Jul-21,151.0,43.0,30.0,79.0,171.0,201
10-Jul-21,160.0,46.0,27.0,66.0,195.0,210
11-Jul-21,144.0,39.0,48.0,108.0,197.0,191
12-Jul-21,92.0,39.0,35.0,97.0,194.0,138
13-Jul-21,112.0,64.0,29.0,87.0,181.0,146
14-Jul-21,112.0,39.0,22.0,28.0,175.0,146
15-Jul-21,100.0,31.0,31.0,28.0,153.0,131
16-Jul-21,102.0,64.0,35.0,42.0,162.0,134
17-Jul-21,142.0,45.0,29.0,33.0,152.0,188
18-Jul-21,152.0,66.0,34.0,28.0,143.0,202
19-Jul-21,117.0,99.0,48.0,179.0,129.0,199
20-Jul-21,63.0,79.0,22.0,96.0,208.0,143
21-Jul-21,89.0,76.0,25.0,88.0,157.0,126
22-Jul-21,120.0,119.0,49.0,76.0,167.0,157
23-Jul-21,114.0,119.0,19.0,50.0,194.0,149
24-Jul-21,119.0,118.0,200.0,86.0,123.0,280
25-Jul-21,130.0,123.0,202.0,73.0,10.557,285
26-Jul-21,143.0,60.0,54.0,52.0,5.858,190
27-Jul-21,137.0,56.0,67.0,52.0,18.746,181
28-Jul-21,110.0,58.0,190.0,75.0,11.335,254
29-Jul-21,74.0,12.0,200.0,148.0,19.854,280
30-Jul-21,71.0,74.0,179.0,199.0,28.076,226
31-Jul-21,127.0,53.0,185.0,124.0,23.421,242
1-Aug-21,165.0,45.0,154.0,207.0,18.377,227
2-Aug-21,103.0,72.0,105.0,56.0,59.38,135
3-Aug-21,148.0,39.0,60.0,87.0,13.524,197
4-Aug-21,119.0,74.0,143.0,99.0,13.402,163
5-Aug-21,139.0,59.0,143.0,89.0,23.097,184
6-Aug-21,135.0,81.0,77.0,8.969,187.45,178
7-Aug-21,125.0,65.0,154.0,10.721,87.28,179
8-Aug-21,132.0,74.0,239.0,9.867,87.461,307
9-Aug-21,133.0,56.0,159.0,29.1269,16.113,187
10-Aug-21,149.0,88.0,203.0,19.0,17.0,287
11-Aug-21,151.0,68.0,136.0,18.0,27.895,201
12-Aug-21,147.0,52.0,77.0,17.0,178.931,196
13-Aug-21,142.0,42.0,174.0,7.0,27.901,214
14-Aug-21,157.0,76.0,206.0,8.0,2.228,295
15-Aug-21,131.0,104.0,151.0,8.0,3.31,175
16-Aug-21,142.0,104.0,147.0,10.0,24.709,188
17-Aug-21,153.0,111.0,161.0,10.0,170.71,203
18-Aug-21,148.0,99.0,80.0,14.0,51.174,197
19-Aug-21,151.0,101.0,203.0,23.0,3.0,287
20-Aug-21,149.0,105.0,158.0,7.0,3.0,199
21-Aug-21,113.0,115.0,153.0,17.0,43.0,178
22-Aug-21,96.0,103.0,130.0,12.0,6.0,144
23-Aug-21,152.0,129.0,30.0,62.0,3.0,202
24-Aug-21,157.0,32.0,27.0,6.0,6.0,207
25-Aug-21,151.0,58.0,48.0,107.0,3.0,201
26-Aug-21,161.0,56.0,35.0,15.0,4.0,211
27-Aug-21,155.0,56.0,29.0,15.0,6.0,205
28-Aug-21,146.0,121.0,22.0,18.0,4.0,194
29-Aug-21,150.0,85.0,31.0,18.0,4.0,200
30-Aug-21,148.0,23.0,35.0,12.0,157.0,197
31-Aug-21,132.0,25.0,29.0,14.0,203.0,174
1-Sep-21,99.0,64.0,34.0,16.0,203.0,141
2-Sep-21,140.0,67.0,48.0,8.0,148.0,186
3-Sep-21,140.0,68.0,22.0,8.0,87.0,186
4-Sep-21,139.0,62.0,25.0,23.0,112.0,184
5-Sep-21,138.0,62.0,49.0,71.0,171.0,183
6-Sep-21,140.0,67.0,19.0,34.0,195.0,186
7-Sep-21,143.0,67.0,200.0,28.0,197.0,280
8-Sep-21,142.0,54.0,202.0,133.0,194.0,285
9-Sep-21,155.0,68.0,54.0,35.0,181.0,205
10-Sep-21,113.0,39.0,67.0,29.0,175.0,147
11-Sep-21,124.0,39.0,190.0,32.0,153.0,254
12-Sep-21,123.0,66.0,200.0,28.0,162.0,280
13-Sep-21,158.0,29.0,179.0,35.0,152.0,226
14-Sep-21,130.0,33.0,185.0,35.0,143.0,242
15-Sep-21,165.0,61.0,154.0,42.0,129.0,215
16-Sep-21,124.0,37.0,105.0,28.0,208.0,163
17-Sep-21,79.0,52.0,60.0,71.0,157.0,126
18-Sep-21,115.0,47.0,143.0,105.0,167.0,163
19-Sep-21,139.0,91.0,143.0,97.0,194.0,184
20-Sep-21,161.0,40.0,77.0,77.0,123.0,211
21-Sep-21,131.0,75.0,154.0,108.0,10.557,179
22-Sep-21,135.0,41.0,239.0,81.0,5.858,307
23-Sep-21,96.0,89.0,159.0,54.0,18.746,187
24-Sep-21,114.0,49.0,203.0,64.0,11.335,287
25-Sep-21,189.0,60.0,136.0,80.0,19.854,239
26-Sep-21,217.0,64.0,77.0,28.0,28.076,267
27-Sep-21,173.0,66.0,174.0,98.0,23.421,223
28-Sep-21,174.0,59.0,206.0,106.0,18.377,295
29-Sep-21,139.0,63.0,151.0,47.0,59.38,184
30-Sep-21,134.0,54.0,147.0,48.0,13.524,177
1-Oct-21,169.0,81.0,161.0,28.0,13.402,219
2-Oct-21,122.0,75.0,80.0,67.0,23.097,160
3-Oct-21,118.0,71.0,203.0,79.0,187.45,287
4-Oct-21,128.0,20.0,158.0,66.0,87.28,185
5-Oct-21,133.0,52.0,153.0,108.0,87.461,178
6-Oct-21,178.0,67.0,130.0,97.0,16.113,228
7-Oct-21,164.0,44.0,30.0,87.0,17.0,214
8-Oct-21,171.0,39.0,27.0,28.0,27.895,221
9-Oct-21,185.0,55.0,48.0,28.0,178.931,235
10-Oct-21,158.0,59.0,35.0,42.0,27.901,208
11-Oct-21,150.0,40.0,29.0,33.0,2.228,200
12-Oct-21,180.0,75.0,22.0,28.0,3.31,230
13-Oct-21,213.0,49.0,31.0,42.0,24.709,263
14-Oct-21,209.0,55.0,35.0,63.0,170.71,259
15-Oct-21,203.0,61.0,29.0,65.0,51.174,253
16-Oct-21,206.0,58.0,34.0,28.0,3.0,256
17-Oct-21,241.0,68.0,48.0,31.0,3.0,291
18-Oct-21,180.0,61.0,22.0,37.0,43.0,230
19-Oct-21,197.0,76.0,25.0,80.0,6.0,247
20-Oct-21,187.0,64.0,49.0,33.0,3.0,237
21-Oct-21,288.0,64.0,19.0,11.0,6.0,338
22-Oct-21,177.0,71.0,200.0,36.0,3.0,280
23-Oct-21,179.0,45.0,202.0,27.0,4.0,285
24-Oct-21,180.0,67.0,54.0,45.0,6.0,230
25-Oct-21,182.0,56.0,67.0,28.0,4.0,232
26-Oct-21,185.0,63.0,190.0,12.0,4.0,254
27-Oct-21,188.0,73.0,200.0,10.0,87.0,280
28-Oct-21,190.0,78.0,179.0,64.0,120.0,240
29-Oct-21,191.0,64.0,185.0,51.0,133.0,242
30-Oct-21,192.0,47.0,154.0,56.0,66.0,242
31-Oct-21,193.0,48.0,105.0,73.0,70.0,243
1-Nov-21,194.0,62.0,60.0,36.0,68.0,244
2-Nov-21,195.0,56.0,143.0,145.0,69.0,245
3-Nov-21,197.0,47.0,143.0,200.0,100.0,247
4-Nov-21,198.0,75.0,77.0,147.0,115.0,248
5-Nov-21,197.0,39.0,154.0,82.0,125.0,247
6-Nov-21,197.0,68.0,239.0,86.0,123.0,307
7-Nov-21,197.0,69.0,159.0,89.0,141.0,247
8-Nov-21,196.0,78.0,203.0,65.0,131.0,287
9-Nov-21,194.0,96.0,136.0,179.0,151.0,244
10-Nov-21,195.0,55.0,77.0,96.0,142.0,245
11-Nov-21,195.0,89.0,174.0,88.0,138.0,245
12-Nov-21,195.0,69.0,206.0,76.0,175.0,295
13-Nov-21,191.0,101.0,151.0,50.0,171.0,241
14-Nov-21,191.0,85.0,147.0,86.0,156.0,241
15-Nov-21,192.0,104.0,161.0,73.0,165.0,242
16-Nov-21,192.0,93.0,80.0,52.0,141.0,242
17-Nov-21,193.0,88.0,203.0,52.0,157.0,287
18-Nov-21,193.0,41.0,158.0,75.0,172.0,243
19-Nov-21,194.0,109.0,153.0,148.0,175.0,244
20-Nov-21,194.0,47.0,130.0,199.0,185.0,244
21-Nov-21,194.0,115.0,30.418,124.0,209.0,244
22-Nov-21,194.0,70.0,34.645,207.0,206.0,244
23-Nov-21,194.0,118.0,35.976,56.0,160.0,244
24-Nov-21,194.0,71.0,49.427,87.0,157.0,244
25-Nov-21,194.0,129.0,28.702,99.0,203.0,244
26-Nov-21,194.0,79.0,27.906,89.0,203.0,244
27-Nov-21,194.0,41.0,24.437,8.969,148.0,244
28-Nov-21,193.0,75.0,32.852,10.721,87.0,243
29-Nov-21,193.0,52.0,175.335,9.867,112.0,243
30-Nov-21,193.0,89.0,79.412,29.1269,171.0,243
1-Dec-21,193.0,65.0,21.0,19.0,195.0,243
2-Dec-21,193.0,97.0,18.0,18.0,197.0,243
3-Dec-21,193.0,70.0,20.0,17.0,194.0,243
4-Dec-21,366.0,108.0,29.0,7.0,181.0,411
5-Dec-21,201.0,91.0,18.0,8.0,175.0,251
6-Dec-21,201.0,68.0,28.0,8.0,153.0,251
7-Dec-21,201.0,58.0,18.0,10.0,162.0,251
8-Dec-21,292.0,76.0,39.0,10.0,152.0,342
9-Dec-21,336.0,36.0,18.0,14.0,143.0,386
10-Dec-21,334.0,57.0,35.0,23.0,129.0,384
11-Dec-21,292.0,63.0,19.0,7.0,208.0,342
12-Dec-21,368.0,81.0,19.0,17.0,157.0,412
13-Dec-21,379.0,68.0,28.0,12.0,167.0,420
14-Dec-21,426.0,80.0,18.0,62.0,194.0,451
15-Dec-21,499.0,77.0,32.0,6.0,123.0,499
16-Dec-21,339.0,67.0,20.0,107.0,10.557,389
17-Dec-21,347.0,71.0,27.0,15.0,5.858,397
18-Dec-21,276.0,81.0,18.0,15.0,18.746,326
19-Dec-21,288.0,62.0,26.0,18.0,11.335,338
20-Dec-21,386.0,87.0,41.0,18.0,19.854,424
21-Dec-21,360.0,59.0,30.0,12.0,28.076,407
22-Dec-21,475.0,83.0,27.0,14.0,23.421,483
23-Dec-21,392.0,65.0,48.0,16.0,18.377,428
24-Dec-21,448.0,98.0,35.0,8.0,59.38,465
25-Dec-21,460.0,67.0,29.0,8.0,13.524,473
26-Dec-21,503.0,104.0,22.0,23.0,13.402,103
27-Dec-21,391.0,69.0,31.0,71.0,23.097,428
28-Dec-21,231.0,53.0,35.0,34.0,187.45,281
29-Dec-21,381.0,69.0,29.0,28.0,87.28,421
30-Dec-21,284.0,86.0,34.0,133.0,87.461,334
31-Dec-21,385.0,63.0,48.0,35.0,16.113,424
1-Jan-22,360.0,90.0,22.0,29.0,17.0,407
2-Jan-22,347.0,84.0,25.0,32.0,27.895,397
3-Jan-22,294.0,88.0,49.0,28.0,178.931,344
4-Jan-22,195.0,75.0,19.0,35.0,27.901,245
5-Jan-22,171.0,86.0,200.0,35.0,2.228,280
6-Jan-22,195.0,79.0,202.0,42.0,3.31,285
7-Jan-22,217.0,83.0,54.0,28.0,24.709,267
8-Jan-22,148.0,73.0,67.0,71.0,170.71,197
9-Jan-22,165.0,91.0,190.0,105.0,51.174,254
10-Jan-22,277.0,71.0,200.0,97.0,3.0,327
11-Jan-22,212.0,68.0,179.0,77.0,3.0,262
12-Jan-22,355.0,75.0,185.0,108.0,43.0,404
13-Jan-22,283.0,93.0,154.0,81.0,6.0,333
14-Jan-22,290.0,72.0,105.0,54.0,3.0,340
15-Jan-22,344.0,96.0,60.0,64.0,6.0,394
16-Jan-22,346.0,75.0,143.0,80.0,3.0,396
17-Jan-22,382.0,104.0,143.0,28.0,4.0,422
18-Jan-22,399.0,89.0,77.0,98.0,6.0,433
19-Jan-22,313.0,69.0,154.0,106.0,4.0,363
20-Jan-22,274.0,91.0,239.0,47.0,4.0,324
21-Jan-22,174.0,67.0,159.0,48.0,87.0,224
22-Jan-22,211.0,82.0,203.0,28.0,120.0,287
23-Jan-22,153.0,71.0,136.0,67.0,133.0,203
24-Jan-22,207.0,44.0,77.0,79.0,66.0,257
25-Jan-22,209.0,97.0,174.0,66.0,70.0,259
26-Jan-22,281.0,52.0,206.0,108.0,68.0,331
27-Jan-22,243.0,60.0,151.0,97.0,69.0,293
28-Jan-22,217.0,56.0,147.0,87.0,100.0,267
29-Jan-22,290.0,84.0,161.0,28.0,115.0,340
30-Jan-22,265.0,55.0,80.0,28.0,125.0,315
31-Jan-22,292.0,63.0,203.0,42.0,123.0,342
1-Feb-22,316.0,48.0,158.0,33.0,141.0,366
2-Feb-22,201.0,56.0,153.0,28.0,131.0,251
3-Feb-22,214.0,41.0,130.0,34.0,151.0,264
4-Feb-22,238.0,76.0,58.0,28.0,142.0,288
5-Feb-22,258.0,82.0,72.0,133.0,138.0,308
6-Feb-22,230.0,37.0,64.0,35.0,175.0,280
7-Feb-22,210.0,78.0,53.0,29.0,171.0,260
8-Feb-22,202.0,66.0,45.0,32.0,156.0,252
9-Feb-22,235.0,76.0,38.0,28.0,165.0,285
10-Feb-22,241.0,93.0,41.0,35.0,141.0,291
11-Feb-22,192.0,78.0,63.0,35.0,157.0,242
12-Feb-22,239.0,110.0,56.0,42.0,172.0,289
13-Feb-22,202.0,84.0,66.0,28.0,175.0,252
14-Feb-22,216.0,92.0,44.352,71.0,185.0,266
15-Feb-22,256.0,88.0,60.767,105.0,209.0,306
16-Feb-22,365.0,74.0,62.204,97.0,206.0,410
17-Feb-22,355.0,86.0,30.418,77.0,160.0,404
18-Feb-22,246.0,81.0,34.645,108.0,157.0,296
19-Feb-22,199.0,73.0,35.976,81.0,203.0,249
20-Feb-22,179.0,93.0,49.427,54.0,203.0,229
21-Feb-22,196.0,83.0,28.702,64.0,148.0,246
22-Feb-22,172.0,110.0,27.906,80.0,87.0,222
23-Feb-22,145.0,81.0,24.437,28.0,112.0,193
24-Feb-22,221.0,132.0,32.852,98.0,171.0,271
25-Feb-22,188.0,86.0,175.335,106.0,195.0,238
26-Feb-22,114.0,145.0,79.412,47.0,197.0,149
27-Feb-22,218.0,88.0,21.0,48.0,194.0,268
28-Feb-22,219.0,129.0,18.0,28.0,181.0,269
1-Mar-22,219.0,104.0,20.0,67.0,175.0,269
2-Mar-22,219.0,115.0,29.0,79.0,153.0,269
3-Mar-22,218.0,98.0,18.0,66.0,162.0,268
4-Mar-22,219.0,108.0,28.0,108.0,152.0,269
5-Mar-22,218.0,104.0,18.0,97.0,143.0,268
6-Mar-22,219.0,121.0,39.0,87.0,129.0,269
7-Mar-22,219.0,119.0,18.0,28.0,208.0,269
8-Mar-22,217.0,70.0,35.0,28.0,157.0,267
9-Mar-22,151.0,133.0,19.0,42.0,167.0,201
10-Mar-22,168.0,85.0,19.0,33.0,194.0,218
11-Mar-22,205.0,128.0,28.0,28.0,123.0,255
12-Mar-22,203.0,116.0,18.0,42.0,10.557,253
13-Mar-22,202.0,127.0,32.0,63.0,5.858,252
14-Mar-22,200.0,121.0,20.0,65.0,18.746,250
15-Mar-22,198.0,130.0,27.0,28.0,11.335,248
16-Mar-22,195.0,91.0,18.0,31.0,19.854,245
17-Mar-22,193.0,134.0,26.0,37.0,28.076,243
18-Mar-22,190.0,82.0,41.0,80.0,23.421,240
19-Mar-22,194.0,61.0,30.0,33.0,18.377,244
20-Mar-22,201.0,52.0,27.0,11.0,59.38,251
21-Mar-22,187.0,56.0,48.0,36.0,13.524,237
22-Mar-22,202.0,48.0,35.0,27.0,13.402,252
23-Mar-22,197.0,91.0,29.0,45.0,23.097,247
24-Mar-22,196.0,65.0,22.0,28.0,187.45,246
25-Mar-22,196.0,107.0,31.0,12.0,87.28,246
26-Mar-22,195.0,91.0,35.0,10.0,87.461,245
27-Mar-22,195.0,108.0,29.0,64.0,16.113,245
28-Mar-22,195.0,131.0,34.0,51.0,17.0,245
29-Mar-22,195.0,111.0,48.0,56.0,27.895,245
30-Mar-22,195.0,113.0,22.0,73.0,178.931,245
31-Mar-22,195.0,117.0,25.0,36.0,27.901,245
1-Apr-22,195.0,79.0,49.0,145.0,2.228,245
2-Apr-22,195.0,122.0,19.0,200.0,3.31,245
3-Apr-22,195.0,67.0,200.0,147.0,24.709,280
4-Apr-22,151.0,118.0,202.0,82.0,170.71,285
5-Apr-22,222.0,113.0,54.0,86.0,51.174,272
6-Apr-22,240.0,128.0,67.0,89.0,3.0,290
7-Apr-22,271.0,110.0,190.0,65.0,3.0,321
8-Apr-22,213.0,131.0,200.0,179.0,43.0,280
9-Apr-22,240.0,136.0,179.0,96.0,6.0,290
10-Apr-22,236.0,133.0,185.0,88.0,3.0,286
11-Apr-22,404.0,154.0,154.0,76.0,6.0,436
12-Apr-22,247.0,136.0,105.0,50.0,3.0,297
13-Apr-22,259.0,173.0,60.0,86.0,4.0,309
14-Apr-22,263.0,135.0,143.0,73.0,6.0,313
15-Apr-22,266.0,181.0,143.0,52.0,4.0,316
16-Apr-22,266.0,190.0,77.0,52.0,4.0,316
17-Apr-22,272.0,193.0,154.0,75.0,87.0,322
18-Apr-22,203.0,151.0,239.0,148.0,120.0,307
19-Apr-22,206.0,127.0,159.0,199.0,133.0,256
20-Apr-22,160.0,154.0,203.0,124.0,66.0,287
21-Apr-22,185.0,143.0,136.0,207.0,70.0,235
22-Apr-22,151.0,163.0,77.0,56.0,68.0,201
23-Apr-22,179.0,184.0,174.0,87.0,69.0,229
24-Apr-22,157.0,174.0,206.0,99.0,100.0,295
25-Apr-22,167.0,173.0,151.0,89.0,115.0,217
26-Apr-22,171.0,172.0,147.0,8.969,125.0,221
27-Apr-22,200.0,209.0,161.0,10.721,123.0,250
28-Apr-22,224.0,181.0,80.0,9.867,141.0,274
29-Apr-22,167.0,215.0,203.0,29.1269,131.0,287
30-Apr-22,227.0,167.0,158.0,19.0,151.0,277
1-May-22,226.0,201.0,153.0,18.0,142.0,276
2-May-22,190.0,187.0,130.0,17.0,138.0,240
3-May-22,211.0,55.0,298.0,7.0,175.0,317
4-May-22,191.0,188.0,161.0,8.0,171.0,241
5-May-22,168.0,97.0,190.0,8.0,156.0,254
6-May-22,162.0,167.0,167.0,10.0,165.0,212
7-May-22,181.0,124.0,204.0,10.0,141.0,290
8-May-22,180.0,164.0,165.0,14.0,157.0,230
9-May-22,184.0,149.0,168.0,23.0,172.0,234
10-May-22,163.0,167.0,137.0,7.0,175.0,213
11-May-22,182.0,167.0,180.0,17.0,185.0,232
12-May-22,249.0,171.0,154.0,12.0,209.0,299
13-May-22,190.0,181.0,190.0,62.0,206.0,254
14-May-22,187.0,161.0,164.0,6.0,160.0,237
15-May-22,187.0,187.0,189.0,107.0,157.0,252
16-May-22,184.0,167.0,179.0,15.0,203.0,234
17-May-22,162.0,200.0,194.0,15.0,203.0,264
18-May-22,165.0,172.0,182.0,18.0,148.0,234
19-May-22,202.0,140.0,215.0,18.0,87.0,302
20-May-22,157.0,174.0,177.0,12.0,112.0,221
21-May-22,170.0,298.0,181.0,14.0,171.0,248
22-May-22,176.0,161.0,185.0,16.0,195.0,242
23-May-22,116.0,190.0,213.0,8.0,197.0,302
24-May-22,102.0,167.0,187.0,8.0,194.0,247
25-May-22,140.0,204.0,143.0,23.0,181.0,186
26-May-22,162.0,165.0,132.0,71.0,175.0,212
27-May-22,160.0,168.0,87.0,34.0,153.0,210
28-May-22,158.0,137.0,163.0,28.0,162.0,208
29-May-22,155.0,180.0,154.0,133.0,152.0,205
30-May-22,155.0,154.0,183.0,35.0,143.0,237
31-May-22,177.0,190.0,165.0,29.0,129.0,227
1-Jun-22,160.0,164.0,176.0,32.0,208.0,219
2-Jun-22,165.0,189.0,184.0,28.0,157.0,239
3-Jun-22,186.0,179.0,182.0,35.0,167.0,236
4-Jun-22,211.0,194.0,191.0,35.0,194.0,261
5-Jun-22,191.0,182.0,169.0,42.0,123.0,241
6-Jun-22,218.0,215.0,196.0,28.0,10.557,270
7-Jun-22,149.0,177.0,180.0,71.0,5.858,229
8-Jun-22,171.0,181.0,229.0,105.0,18.746,305
9-Jun-22,189.0,185.0,176.0,97.0,11.335,239
10-Jun-22,179.0,213.0,244.0,77.0,19.854,307
11-Jun-22,172.0,187.0,186.0,108.0,28.076,244
12-Jun-22,170.0,143.0,217.0,81.0,23.421,302
13-Jun-22,158.0,132.0,190.0,54.0,18.377,254
14-Jun-22,182.0,87.0,168.0,64.0,59.38,232
15-Jun-22,146.0,163.0,173.0,80.0,13.524,211
16-Jun-22,136.0,154.0,200.0,28.0,13.402,280
17-Jun-22,108.0,183.0,187.0,98.0,23.097,247
18-Jun-22,104.0,165.0,173.0,106.0,187.45,211
19-Jun-22,141.0,176.0,188.0,47.0,87.28,249
20-Jun-22,165.0,184.0,201.0,48.0,87.461,282
21-Jun-22,104.0,182.0,207.0,28.0,16.113,297
22-Jun-22,165.0,191.0,183.0,67.0,17.0,237
23-Jun-22,154.0,169.0,186.0,79.0,27.895,244
24-Jun-22,155.0,196.0,227.0,66.0,178.931,304
25-Jun-22,170.0,180.0,166.0,108.0,27.901,220
26-Jun-22,178.0,229.0,242.0,97.0,2.228,307
27-Jun-22,166.0,176.0,163.0,87.0,3.31,216
28-Jun-22,174.0,244.0,179.0,28.0,24.709,226
29-Jun-22,170.0,186.0,169.0,28.0,170.71,220
30-Jun-22,138.0,217.0,164.0,42.0,51.174,194
1-Jul-22,92.0,190.0,177.0,33.0,3.0,221
2-Jul-22,146.0,168.0,181.0,28.0,3.0,231
3-Jul-22,132.0,173.0,187.0,42.0,43.0,247
4-Jul-22,152.0,200.0,158.0,63.0,6.0,202
5-Jul-22,152.0,187.0,184.0,65.0,3.0,239
6-Jul-22,124.0,173.0,197.0,28.0,6.0,272
7-Jul-22,142.0,188.0,161.0,31.0,3.0,190
8-Jul-22,154.0,201.0,169.0,37.0,4.0,204
9-Jul-22,123.0,207.0,175.0,80.0,6.0,216
10-Jul-22,118.0,183.0,175.0,33.0,4.0,216
11-Jul-22,138.0,186.0,178.0,11.0,4.0,224
12-Jul-22,142.0,227.0,137.0,36.0,87.0,188
13-Jul-22,121.0,166.0,166.0,27.0,120.0,197
14-Jul-22,99.0,242.0,139.0,45.0,133.0,195
15-Jul-22,87.0,163.0,172.0,28.0,66.0,209
16-Jul-22,106.0,179.0,175.0,12.0,70.0,216
17-Jul-22,80.0,169.0,183.0,10.0,68.0,237
18-Jul-22,148.0,164.0,195.0,64.0,69.0,267
19-Jul-22,137.0,177.0,193.0,51.0,100.0,262
20-Jul-22,104.0,181.0,147.0,56.0,115.0,169
21-Jul-22,63.0,187.0,181.0,73.0,125.0,231
22-Jul-22,90.0,158.0,151.0,36.0,123.0,175
23-Jul-22,121.0,184.0,159.0,145.0,141.0,187
24-Jul-22,83.0,197.0,151.0,200.0,131.0,220
25-Jul-22,100.0,161.0,148.0,147.0,151.0,170
26-Jul-22,98.0,169.0,149.0,82.0,142.0,172
27-Jul-22,115.0,175.0,145.0,86.0,138.0,166
28-Jul-22,104.0,175.0,147.0,89.0,175.0,169
29-Jul-22,103.0,178.0,162.0,65.0,171.0,191
30-Jul-22,103.0,137.0,164.0,17.0,156.0,194
31-Jul-22,105.0,166.0,174.0,7.0,165.0,214
1-Aug-22,102.0,139.0,169.0,8.0,141.0,201
2-Aug-22,99.0,172.0,146.0,8.0,157.0,167
3-Aug-22,98.0,175.0,148.0,10.0,172.0,170
4-Aug-22,138.0,183.0,139.0,10.0,175.0,183
5-Aug-22,136.0,195.0,144.0,14.0,185.0,180
6-Aug-22,145.0,193.0,146.0,23.0,209.0,193
7-Aug-22,140.0,147.0,152.0,7.0,206.0,186
8-Aug-22,125.0,181.0,152.0,17.0,160.0,176
9-Aug-22,122.0,151.0,158.0,12.0,157.0,185
10-Aug-22,148.0,159.0,158.0,62.0,203.0,197
11-Aug-22,96.0,151.0,163.0,6.0,203.0,193
12-Aug-22,107.0,148.0,152.0,107.0,148.0,176
13-Aug-22,98.0,149.0,172.0,15.0,87.0,209
14-Aug-22,110.0,145.0,162.0,15.0,112.0,191
15-Aug-22,118.0,147.0,150.0,18.0,171.0,173
16-Aug-22,120.0,162.0,147.0,18.0,195.0,169
17-Aug-22,121.0,164.0,150.0,12.0,197.0,173
18-Aug-22,123.0,174.0,161.0,14.0,194.0,190
19-Aug-22,122.0,169.0,152.0,16.0,181.0,176
20-Aug-22,121.0,146.0,127.0,8.0,175.0,158
21-Aug-22,102.0,148.0,97.0,8.0,153.0,134
22-Aug-22,115.0,139.0,371.0,23.0,162.0,331
23-Aug-22,112.0,144.0,360.0,71.0,152.0,329
24-Aug-22,114.0,146.0,327.0,34.0,143.0,323
25-Aug-22,114.0,152.0,385.0,28.0,129.0,333
26-Aug-22,116.0,152.0,29.368,133.0,208.0,153
27-Aug-22,116.0,158.0,33.235,35.0,157.0,151
28-Aug-22,117.0,158.0,42.663,29.0,167.0,152
29-Aug-22,116.0,163.0,45.038,32.0,194.0,151
30-Aug-22,189.0,152.0,56.978,28.0,123.0,239
31-Aug-22,159.0,172.0,12.665,35.0,10.557,209
1-Sep-22,124.0,162.0,14.999,35.0,5.858,163
2-Sep-22,105.0,150.0,27.363,42.0,18.746,137
3-Sep-22,118.0,147.0,33.304,28.0,11.335,154
4-Sep-22,116.0,150.0,16.984,71.0,19.854,151
5-Sep-22,105.0,161.0,10.264,105.0,28.076,141
6-Sep-22,121.0,152.0,8.538,97.0,23.421,158
7-Sep-22,121.0,127.0,18.214,77.0,18.377,158
8-Sep-22,122.0,97.0,7.186,108.0,59.38,160
9-Sep-22,122.0,371.0,27.291,81.0,13.524,326
10-Sep-22,123.0,360.0,6.594,54.0,13.402,312
11-Sep-22,123.0,327.0,48.838,64.0,23.097,277
12-Sep-22,124.0,385.0,24.929,80.0,187.45,344
13-Sep-22,124.0,29.368,48.0,28.0,87.28,163
14-Sep-22,151.0,33.235,43.0,98.0,87.461,201
15-Sep-22,153.0,42.663,56.0,106.0,16.113,203
16-Sep-22,156.0,45.038,56.0,47.0,17.0,206
17-Sep-22,155.0,56.978,47.0,48.0,27.895,205
18-Sep-22,158.0,12.665,64.0,28.0,178.931,208
19-Sep-22,160.0,14.999,29.0,67.0,27.901,210
20-Sep-22,162.0,27.363,19.0,79.0,2.228,212
21-Sep-22,158.0,33.304,16.0,66.0,3.31,208
22-Sep-22,152.0,16.984,23.0,108.0,24.709,202
23-Sep-22,146.0,10.264,27.0,97.0,170.71,194
24-Sep-22,139.0,8.538,16.0,87.0,51.174,184
25-Sep-22,143.0,18.214,39.0,28.0,3.0,190
26-Sep-22,150.0,7.186,34.0,28.0,3.0,200
27-Sep-22,155.0,27.291,34.0,42.0,43.0,205
28-Sep-22,159.0,6.594,13.0,33.0,6.0,209
29-Sep-22,164.0,48.838,17.0,28.0,3.0,214
30-Sep-22,170.0,24.929,24.0,42.0,6.0,220
1-Oct-22,178.0,48.0,21.0,63.0,3.0,228
2-Oct-22,144.0,43.0,28.0,65.0,4.0,191
3-Oct-22,162.0,56.0,21.0,28.0,6.0,212
4-Oct-22,166.0,56.0,19.0,31.0,4.0,216
5-Oct-22,163.0,47.0,19.0,37.0,4.0,213
6-Oct-22,159.0,64.0,6.0,80.0,87.0,209
7-Oct-22,188.0,29.0,58.0,33.0,120.0,238
8-Oct-22,173.0,19.0,72.0,11.0,133.0,223
9-Oct-22,144.0,16.0,64.0,36.0,66.0,191
10-Oct-22,122.0,23.0,53.0,27.0,70.0,160
11-Oct-22,166.0,27.0,45.0,45.0,68.0,216
12-Oct-22,174.0,16.0,38.0,28.0,69.0,224
13-Oct-22,187.0,39.0,41.0,12.0,100.0,237
14-Oct-22,185.0,34.0,63.0,10.0,115.0,235
15-Oct-22,188.0,34.0,56.0,64.0,125.0,238
16-Oct-22,198.0,13.0,66.0,51.0,123.0,248
17-Oct-22,172.0,17.0,44.352,56.0,141.0,222
18-Oct-22,170.0,24.0,60.767,73.0,131.0,220
19-Oct-22,202.0,21.0,62.204,36.0,151.0,252
20-Oct-22,188.0,28.0,30.418,145.0,142.0,238
21-Oct-22,157.0,21.0,34.645,200.0,138.0,220
22-Oct-22,177.0,19.0,35.976,147.0,175.0,227
23-Oct-22,196.0,19.0,49.427,82.0,171.0,246
24-Oct-22,249.0,6.0,28.702,86.0,156.0,299
25-Oct-22,274.0,81.0,27.906,89.0,165.0,324
26-Oct-22,195.0,66.0,24.437,65.0,141.0,245
27-Oct-22,196.0,66.0,32.852,179.0,157.0,246
28-Oct-22,197.0,116.0,175.335,96.0,172.0,247
29-Oct-22,197.0,123.0,79.412,88.0,175.0,247
30-Oct-22,252.0,119.0,21.0,76.0,185.0,302
31-Oct-22,333.0,142.0,18.0,50.0,209.0,383
1-Nov-22,328.0,133.0,20.0,86.0,206.0,378
2-Nov-22,271.0,129.0,29.0,73.0,160.0,321
3-Nov-22,269.0,122.0,18.0,52.0,157.0,319
4-Nov-22,271.0,126.0,28.0,52.0,203.0,321
5-Nov-22,365.0,68.0,18.0,75.0,203.0,410
6-Nov-22,142.0,37.0,39.0,148.0,148.0,188
7-Nov-22,161.0,84.0,18.0,199.0,87.0,219
8-Nov-22,191.0,72.0,35.0,124.0,112.0,241
9-Nov-22,243.0,95.0,19.0,207.0,171.0,293
10-Nov-22,168.0,92.0,19.0,56.0,195.0,218
11-Nov-22,178.0,114.0,28.0,87.0,197.0,228
12-Nov-22,242.0,131.0,18.0,99.0,194.0,292
13-Nov-22,285.0,127.0,32.0,89.0,181.0,335
14-Nov-22,159.0,127.0,20.0,8.969,175.0,209
15-Nov-22,164.0,48.0,27.0,10.721,153.0,214
16-Nov-22,206.0,76.0,18.0,9.867,162.0,256
17-Nov-22,206.0,64.0,26.0,29.1269,152.0,256
18-Nov-22,179.0,64.0,41.0,19.0,143.0,229
19-Nov-22,46.0,85.0,30.0,18.0,129.0,117
20-Nov-22,44.0,98.0,27.0,17.0,208.0,143
21-Nov-22,57.0,110.0,48.0,7.0,157.0,126
22-Nov-22,41.0,42.0,35.0,8.0,167.0,129
23-Nov-22,160.6,77.0,29.0,8.0,194.0,211
24-Nov-22,158.0,77.0,22.0,10.0,123.0,208
25-Nov-22,152.0,68.0,31.0,10.0,10.557,202
26-Nov-22,151.0,82.0,35.0,14.0,5.858,201
27-Nov-22,150.0,92.0,29.0,23.0,18.746,200
28-Nov-22,143.0,101.0,34.0,7.0,11.335,190
29-Nov-22,134.0,109.0,48.0,17.0,19.854,177
30-Nov-22,132.0,50.0,22.0,12.0,28.076,174
1-Dec-22,130.0,76.0,25.0,62.0,23.421,171
2-Dec-22,125.0,55.0,49.0,6.0,18.377,164
3-Dec-22,120.0,57.0,19.0,107.0,59.38,157
4-Dec-22,116.0,78.0,200.0,15.0,13.524,280
5-Dec-22,120.0,108.0,202.0,15.0,13.402,285
6-Dec-22,269.0,76.0,54.0,18.0,23.097,319
7-Dec-22,249.0,82.0,67.0,18.0,187.45,299
8-Dec-22,282.0,98.0,190.0,12.0,87.28,332
9-Dec-22,274.0,91.0,200.0,14.0,87.461,324
10-Dec-22,205.0,180.0,179.0,16.0,16.113,255
11-Dec-22,176.0,152.0,185.0,8.0,17.0,242
12-Dec-22,179.0,109.0,154.0,8.0,27.895,229
13-Dec-22,182.0,134.0,105.0,23.0,178.931,232
14-Dec-22,191.0,114.0,60.0,71.0,27.901,241
15-Dec-22,218.0,104.0,143.0,34.0,2.228,268
16-Dec-22,222.0,113.0,143.0,28.0,3.31,272
17-Dec-22,315.0,109.0,77.0,133.0,24.709,365
18-Dec-22,362.0,125.0,154.0,35.0,170.71,408
19-Dec-22,491.0,123.0,239.0,29.0,51.174,494
20-Dec-22,355.0,87.0,159.0,32.0,3.0,404
21-Dec-22,381.0,106.0,203.0,28.0,3.0,421
22-Dec-22,459.0,106.0,136.0,35.0,43.0,473
23-Dec-22,391.0,50.0,77.0,35.0,6.0,428
24-Dec-22,272.0,46.0,174.0,42.0,3.0,322
25-Dec-22,267.0,106.0,206.0,28.0,6.0,317
26-Dec-22,379.0,77.0,151.0,71.0,3.0,420
27-Dec-22,392.0,98.0,147.0,105.0,4.0,428
28-Dec-22,433.0,126.0,161.0,97.0,6.0,455
29-Dec-22,451.0,86.0,80.0,77.0,4.0,467
30-Dec-22,216.0,89.0,203.0,108.0,4.0,287
31-Dec-22,221.0,102.0,158.0,81.0,157.0,271
1-Jan-23,248.0,72.0,153.0,54.0,203.0,298
2-Jan-23,409.0,86.0,130.0,64.0,203.0,440
3-Jan-23,383.0,75.0,58.0,80.0,148.0,422
4-Jan-23,466.0,89.0,72.0,28.0,87.0,477
5-Jan-23,395.0,116.0,64.0,98.0,112.0,430
6-Jan-23,427.0,67.0,53.0,106.0,171.0,451
7-Jan-23,384.0,58.0,45.0,47.0,195.0,423
8-Jan-23,326.0,72.0,38.0,48.0,197.0,376
9-Jan-23,328.0,78.0,41.0,28.0,194.0,378
10-Jan-23,447.0,80.0,63.0,67.0,181.0,465
11-Jan-23,343.0,50.0,56.0,79.0,175.0,393
12-Jan-23,286.0,64.0,66.0,66.0,153.0,336
13-Jan-23,306.0,61.0,44.352,108.0,162.0,356
14-Jan-23,185.0,60.0,60.767,97.0,152.0,235
15-Jan-23,185.0,32.0,62.204,87.0,143.0,235
16-Jan-23,228.0,27.0,30.418,28.0,129.0,278
17-Jan-23,216.0,64.0,34.645,28.0,208.0,266
18-Jan-23,279.0,91.0,35.976,42.0,157.0,329
19-Jan-23,206.0,110.0,49.427,33.0,167.0,256
20-Jan-23,194.0,62.0,28.702,28.0,194.0,244
21-Jan-23,188.0,43.0,27.906,34.0,123.0,238
22-Jan-23,196.0,46.0,24.437,28.0,10.557,246
23-Jan-23,174.0,39.0,32.852,133.0,5.858,224
24-Jan-23,196.0,39.0,175.335,35.0,18.746,246
25-Jan-23,213.0,64.0,79.412,29.0,11.335,263
26-Jan-23,212.0,39.0,21.0,32.0,19.854,262
27-Jan-23,169.0,31.0,18.0,28.0,28.076,219
28-Jan-23,227.0,64.0,20.0,35.0,23.421,277
29-Jan-23,277.0,45.0,29.0,35.0,18.377,327
30-Jan-23,159.0,66.0,18.0,42.0,59.38,209
31-Jan-23,177.0,99.0,28.0,28.0,13.524,227
1-Feb-23,168.0,79.0,18.0,71.0,13.402,218
2-Feb-23,230.0,76.0,39.0,105.0,23.097,280
3-Feb-23,249.0,119.0,18.0,97.0,187.45,299
4-Feb-23,211.0,119.0,35.0,77.0,87.28,261
5-Feb-23,187.0,118.0,19.0,108.0,87.461,237
6-Feb-23,158.0,123.0,19.0,81.0,16.113,208
7-Feb-23,131.0,60.0,28.0,54.0,17.0,173
8-Feb-23,207.0,56.0,18.0,64.0,27.895,257
9-Feb-23,277.0,58.0,32.0,80.0,178.931,327
10-Feb-23,189.0,12.0,20.0,28.0,27.901,239
11-Feb-23,142.0,74.0,27.0,98.0,2.228,188
12-Feb-23,156.0,53.0,18.0,106.0,3.31,206
13-Feb-23,152.0,45.0,26.0,47.0,24.709,202
14-Feb-23,195.0,72.0,41.0,48.0,170.71,245
15-Feb-23,207.0,39.0,30.0,28.0,51.174,257
16-Feb-23,259.0,74.0,27.0,67.0,3.0,309
17-Feb-23,348.0,59.0,48.0,79.0,3.0,398
18-Feb-23,204.0,81.0,35.0,66.0,43.0,254
19-Feb-23,204.0,65.0,29.0,108.0,6.0,254
20-Feb-23,201.0,74.0,22.0,97.0,3.0,251
21-Feb-23,201.0,56.0,31.0,87.0,6.0,251
22-Feb-23,202.0,88.0,35.0,28.0,3.0,252
23-Feb-23,202.0,68.0,29.0,28.0,4.0,252
24-Feb-23,202.0,52.0,34.0,42.0,6.0,252
25-Feb-23,203.0,42.0,48.0,33.0,4.0,253
26-Feb-23,203.0,76.0,22.0,28.0,4.0,253
27-Feb-23,203.0,104.0,25.0,42.0,87.0,253
28-Feb-23,203.0,104.0,49.0,63.0,120.0,253
1-Mar-23,204.0,111.0,19.0,65.0,133.0,254
2-Mar-23,203.0,99.0,200.0,28.0,66.0,280
3-Mar-23,201.0,101.0,202.0,31.0,70.0,285
4-Mar-23,202.0,105.0,54.0,37.0,68.0,252
5-Mar-23,167.0,115.0,67.0,80.0,69.0,217
6-Mar-23,164.0,103.0,190.0,33.0,100.0,254
7-Mar-23,177.0,129.0,200.0,11.0,115.0,280
8-Mar-23,190.0,32.0,179.0,36.0,125.0,240
9-Mar-23,162.0,58.0,185.0,27.0,123.0,242
10-Mar-23,174.0,56.0,154.0,45.0,141.0,224
11-Mar-23,176.0,56.0,105.0,28.0,131.0,226
12-Mar-23,167.0,121.0,60.0,12.0,151.0,217
13-Mar-23,177.0,85.0,143.0,10.0,142.0,227
14-Mar-23,179.0,23.0,143.0,64.0,138.0,229
15-Mar-23,186.0,25.0,77.0,51.0,175.0,236
16-Mar-23,117.0,64.0,154.0,56.0,171.0,179
17-Mar-23,98.0,67.0,239.0,73.0,156.0,307
18-Mar-23,126.0,68.0,159.0,36.0,165.0,187
19-Mar-23,162.0,62.0,203.0,145.0,141.0,287
20-Mar-23,183.0,62.0,136.0,200.0,157.0,233
21-Mar-23,108.0,67.0,77.0,147.0,172.0,167
22-Mar-23,144.0,67.0,174.0,82.0,175.0,214
23-Mar-23,148.0,54.0,206.0,86.0,185.0,295
24-Mar-23,121.0,68.0,151.0,89.0,209.0,175
25-Mar-23,91.0,39.0,147.0,65.0,206.0,169
26-Mar-23,134.0,39.0,161.0,179.0,160.0,199
27-Mar-23,137.0,66.0,80.0,96.0,157.0,181
28-Mar-23,167.0,29.0,203.0,88.0,203.0,287
29-Mar-23,235.0,33.0,158.0,76.0,203.0,285
30-Mar-23,125.0,61.0,153.0,50.0,148.0,178
31-Mar-23,93.0,37.0,130.0,86.0,87.0,144
1-Apr-23,112.0,52.0,58.0,73.0,112.0,146
2-Apr-23,148.0,47.0,72.0,52.0,171.0,197
3-Apr-23,126.0,91.0,64.0,52.0,195.0,165
4-Apr-23,117.0,40.0,53.0,75.0,197.0,152
5-Apr-23,131.0,75.0,45.0,148.0,194.0,173
6-Apr-23,135.0,41.0,38.0,199.0,181.0,219
7-Apr-23,128.0,89.0,41.0,124.0,175.0,168
8-Apr-23,145.0,49.0,63.0,207.0,153.0,227
9-Apr-23,166.0,60.0,56.0,56.0,162.0,216
10-Apr-23,168.0,64.0,66.0,87.0,152.0,218
11-Apr-23,189.0,66.0,44.352,99.0,143.0,239
12-Apr-23,155.0,59.0,60.767,89.0,129.0,205
13-Apr-23,142.0,63.0,62.204,8.969,208.0,188
14-Apr-23,142.0,54.0,30.418,10.721,157.0,188
15-Apr-23,179.0,81.0,34.645,9.867,167.0,229
16-Apr-23,138.0,75.0,35.976,29.1269,194.0,183
17-Apr-23,155.0,71.0,49.427,19.0,123.0,205
18-Apr-23,157.0,20.0,28.702,18.0,10.557,207
19-Apr-23,139.0,52.0,27.906,17.0,5.858,184
20-Apr-23,90.0,67.0,24.437,7.0,18.746,119
21-Apr-23,61.0,44.0,32.852,8.0,11.335,82
22-Apr-23,64.0,39.0,175.335,8.0,19.854,217
23-Apr-23,65.0,55.0,79.412,10.0,28.076,87
24-Apr-23,118.0,59.0,21.0,10.0,23.421,154
25-Apr-23,143.0,40.0,18.0,14.0,18.377,190
26-Apr-23,146.0,75.0,20.0,23.0,59.38,194
27-Apr-23,93.0,49.0,29.0,7.0,13.524,122
28-Apr-23,133.0,55.0,18.0,17.0,13.402,176
29-Apr-23,132.0,61.0,28.0,12.0,23.097,174
30-Apr-23,111.0,58.0,18.0,62.0,187.45,145
1-May-23,107.0,68.0,39.0,6.0,87.28,140
2-May-23,95.0,61.0,18.0,107.0,87.461,127
3-May-23,112.0,76.0,35.0,15.0,16.113,146
4-May-23,112.0,64.0,19.0,15.0,17.0,146
5-May-23,123.0,64.0,19.0,18.0,27.895,161
6-May-23,142.0,71.0,28.0,18.0,178.931,188
7-May-23,72.0,45.0,18.0,12.0,27.901,96
8-May-23,103.0,67.0,32.0,14.0,2.228,135
9-May-23,147.0,56.0,20.0,16.0,3.31,196
10-May-23,144.0,63.0,27.0,8.0,24.709,191
11-May-23,194.0,73.0,18.0,8.0,170.71,244
12-May-23,244.0,78.0,26.0,23.0,51.174,294
13-May-23,208.0,64.0,41.0,71.0,3.0,258
14-May-23,134.0,47.0,30.0,34.0,3.0,177
15-May-23,168.0,48.0,27.0,28.0,43.0,218
16-May-23,202.0,62.0,48.0,133.0,6.0,252
17-May-23,163.0,56.0,35.0,35.0,3.0,213
18-May-23,149.0,47.0,29.0,29.0,6.0,199
19-May-23,142.0,75.0,22.0,32.0,3.0,188
20-May-23,168.0,39.0,31.0,28.0,4.0,218
21-May-23,178.0,68.0,35.0,35.0,6.0,228
22-May-23,200.0,69.0,29.0,35.0,4.0,250
23-May-23,162.0,78.0,34.0,42.0,4.0,212
24-May-23,106.0,96.0,48.0,28.0,87.0,139
25-May-23,58.0,55.0,22.0,71.0,120.0,114
26-May-23,116.0,89.0,25.0,105.0,133.0,151
27-May-23,111.0,69.0,49.0,97.0,66.0,145
28-May-23,120.0,101.0,19.0,77.0,70.0,157
29-May-23,104.0,85.0,200.0,108.0,68.0,280
30-May-23,102.0,104.0,202.0,81.0,69.0,285
31-May-23,109.0,93.0,54.0,54.0,100.0,142
1-Jun-23,93.0,88.0,67.0,64.0,115.0,122
2-Jun-23,139.0,41.0,190.0,80.0,125.0,254
3-Jun-23,153.0,109.0,200.0,28.0,123.0,280
4-Jun-23,126.0,47.0,179.0,98.0,141.0,226
5-Jun-23,123.0,115.0,185.0,106.0,131.0,242
6-Jun-23,88.0,70.0,154.0,47.0,151.0,179
7-Jun-23,125.0,118.0,105.0,48.0,142.0,164
8-Jun-23,236.0,71.0,60.0,28.0,138.0,286
9-Jun-23,174.0,129.0,143.0,67.0,175.0,224
10-Jun-23,145.0,79.0,143.0,79.0,171.0,193
11-Jun-23,118.0,41.0,77.0,66.0,156.0,154
12-Jun-23,147.0,75.0,154.0,108.0,165.0,196
13-Jun-23,133.0,52.0,239.0,97.0,141.0,307
14-Jun-23,116.0,89.0,159.0,87.0,157.0,187
15-Jun-23,89.0,65.0,203.0,28.0,172.0,287
16-Jun-23,125.0,97.0,136.0,28.0,175.0,164
17-Jun-23,143.0,70.0,77.0,42.0,185.0,190
18-Jun-23,147.0,108.0,174.0,33.0,209.0,214
19-Jun-23,130.0,91.0,206.0,28.0,206.0,295
20-Jun-23,157.0,68.0,151.0,42.0,160.0,207
21-Jun-23,149.0,58.0,147.0,63.0,157.0,199
22-Jun-23,139.0,76.0,161.0,65.0,203.0,190
23-Jun-23,140.0,36.0,80.0,28.0,203.0,186
24-Jun-23,138.0,57.0,203.0,31.0,148.0,287
25-Jun-23,119.0,63.0,158.0,37.0,87.0,185
26-Jun-23,69.0,81.0,153.0,80.0,112.0,178
27-Jun-23,131.0,68.0,130.0,33.0,171.0,173
28-Jun-23,88.0,80.0,58.0,11.0,195.0,139
29-Jun-23,100.0,77.0,72.0,36.0,197.0,139
30-Jun-23,74.0,67.0,64.0,27.0,194.0,138
1-Jul-23,112.0,71.0,53.0,45.0,181.0,146
2-Jul-23,102.0,81.0,45.0,28.0,175.0,134
3-Jul-23,104.0,62.0,38.0,12.0,153.0,136
4-Jul-23,87.0,87.0,41.0,10.0,162.0,128
5-Jul-23,79.0,59.0,63.0,64.0,152.0,125
6-Jul-23,116.0,83.0,56.0,51.0,143.0,151
7-Jul-23,114.0,65.0,66.0,56.0,129.0,149
8-Jul-23,113.0,98.0,44.352,73.0,208.0,147
9-Jul-23,112.0,67.0,60.767,36.0,157.0,146
10-Jul-23,109.0,104.0,62.204,145.0,167.0,165
11-Jul-23,107.0,69.0,30.418,200.0,194.0,220
12-Jul-23,106.0,53.0,34.645,147.0,123.0,167
13-Jul-23,104.0,69.0,35.976,82.0,10.557,136
14-Jul-23,92.0,86.0,49.427,86.0,5.858,121
15-Jul-23,146.0,63.0,28.702,89.0,18.746,194
16-Jul-23,124.0,90.0,27.906,65.0,11.335,163
17-Jul-23,137.0,84.0,24.437,17.0,19.854,181
18-Jul-23,111.0,88.0,32.852,7.0,28.076,145
19-Jul-23,112.0,75.0,175.335,8.0,23.421,217
20-Jul-23,133.0,86.0,79.412,8.0,18.377,176
21-Jul-23,122.0,79.0,21.0,10.0,59.38,160
22-Jul-23,84.0,83.0,18.0,10.0,13.524,111
23-Jul-23,94.0,73.0,20.0,14.0,13.402,124
24-Jul-23,90.0,91.0,29.0,23.0,23.097,119
25-Jul-23,128.0,71.0,18.0,7.0,187.45,168
26-Jul-23,119.0,68.0,28.0,17.0,87.28,155
27-Jul-23,67.0,75.0,18.0,12.0,87.461,103
28-Jul-23,104.0,93.0,39.0,62.0,16.113,136
29-Jul-23,72.0,72.0,18.0,6.0,17.0,96
30-Jul-23,113.0,96.0,35.0,107.0,27.895,147
31-Jul-23,95.0,75.0,19.0,15.0,178.931,133
1-Aug-23,109.0,104.0,19.0,15.0,27.901,142
2-Aug-23,121.0,89.0,28.0,18.0,2.228,158
3-Aug-23,114.0,69.0,18.0,18.0,3.31,149
4-Aug-23,96.0,91.0,32.0,12.0,24.709,126
5-Aug-23,114.0,67.0,20.0,14.0,170.71,149
6-Aug-23,97.0,82.0,27.0,16.0,51.174,127
7-Aug-23,122.0,71.0,18.0,8.0,3.0,160
8-Aug-23,129.0,44.0,26.0,8.0,3.0,170
9-Aug-23,129.0,97.0,41.0,23.0,43.0,170
10-Aug-23,134.0,52.0,30.0,71.0,6.0,177
11-Aug-23,124.0,60.0,27.0,34.0,3.0,163
12-Aug-23,104.0,56.0,48.0,28.0,6.0,136
13-Aug-23,101.0,84.0,35.0,133.0,3.0,153
14-Aug-23,96.0,55.0,29.0,35.0,4.0,126
15-Aug-23,96.0,63.0,22.0,29.0,6.0,126
16-Aug-23,124.0,48.0,31.0,32.0,4.0,163
17-Aug-23,126.0,56.0,35.0,28.0,4.0,165
18-Aug-23,144.0,41.0,29.0,35.0,87.0,191
19-Aug-23,141.0,76.0,34.0,35.0,120.0,187
20-Aug-23,121.0,82.0,48.0,42.0,133.0,158
21-Aug-23,151.0,37.0,22.0,28.0,66.0,201
22-Aug-23,107.0,78.0,25.0,71.0,70.0,140
23-Aug-23,111.0,66.0,49.0,105.0,68.0,145
24-Aug-23,109.0,76.0,19.0,97.0,69.0,142
25-Aug-23,93.0,93.0,200.0,77.0,100.0,280
26-Aug-23,114.0,78.0,202.0,108.0,115.0,285
27-Aug-23,129.0,110.0,54.0,81.0,125.0,170
28-Aug-23,112.0,84.0,67.0,54.0,123.0,146
29-Aug-23,112.0,92.0,190.0,64.0,141.0,254
30-Aug-23,145.0,88.0,200.0,80.0,131.0,280
31-Aug-23,128.0,74.0,179.0,28.0,151.0,226
1-Sep-23,116.0,86.0,185.0,98.0,142.0,242
2-Sep-23,115.0,81.0,154.0,106.0,138.0,179
3-Sep-23,118.0,73.0,105.0,47.0,175.0,154
4-Sep-23,116.0,93.0,60.0,48.0,171.0,151
5-Sep-23,126.0,83.0,143.0,28.0,156.0,165
6-Sep-23,161.0,110.0,143.0,67.0,165.0,211
7-Sep-23,146.0,81.0,77.0,79.0,141.0,194
8-Sep-23,162.0,132.0,154.0,66.0,157.0,212
9-Sep-23,133.0,86.0,239.0,108.0,172.0,307
10-Sep-23,89.0,145.0,159.0,97.0,175.0,187
11-Sep-23,80.0,88.0,203.0,87.0,185.0,287
12-Sep-23,126.0,129.0,136.0,28.0,209.0,165
13-Sep-23,154.0,104.0,77.0,28.0,206.0,204
14-Sep-23,153.0,115.0,174.0,42.0,160.0,214
15-Sep-23,104.0,98.0,206.0,33.0,157.0,295
16-Sep-23,103.0,108.0,151.0,28.0,203.0,175
17-Sep-23,82.0,104.0,147.0,42.0,203.0,169
18-Sep-23,84.0,121.0,161.0,63.0,148.0,190
19-Sep-23,91.0,119.0,80.0,65.0,87.0,120
20-Sep-23,150.0,70.0,203.0,28.0,112.0,287
21-Sep-23,164.0,133.0,158.0,31.0,171.0,214
22-Sep-23,137.0,85.0,153.0,37.0,195.0,181
23-Sep-23,88.0,128.0,130.0,80.0,197.0,144
24-Sep-23,113.0,116.0,58.0,33.0,194.0,147
25-Sep-23,125.0,127.0,72.0,11.0,181.0,164
26-Sep-23,150.0,121.0,64.0,36.0,175.0,200
27-Sep-23,142.0,130.0,53.0,27.0,153.0,188
28-Sep-23,145.0,91.0,45.0,45.0,162.0,193
29-Sep-23,152.0,134.0,38.0,28.0,152.0,202
30-Sep-23,136.0,82.0,41.0,12.0,143.0,180
1-Oct-23,140.0,61.0,63.0,10.0,129.0,186
2-Oct-23,146.0,52.0,56.0,64.0,208.0,194
3-Oct-23,178.0,56.0,66.0,51.0,157.0,228
4-Oct-23,173.0,48.0,44.352,56.0,167.0,223
5-Oct-23,167.0,91.0,60.767,73.0,194.0,217
6-Oct-23,177.0,65.0,62.204,36.0,123.0,227
7-Oct-23,151.0,107.0,30.418,145.0,10.557,201
8-Oct-23,157.0,91.0,34.645,200.0,5.858,220
9-Oct-23,155.0,108.0,35.976,147.0,18.746,205
10-Oct-23,95.0,131.0,49.427,82.0,11.335,125
11-Oct-23,155.0,111.0,28.702,86.0,19.854,205
12-Oct-23,199.0,113.0,27.906,89.0,28.076,249
13-Oct-23,169.0,117.0,24.437,65.0,23.421,219
14-Oct-23,149.0,79.0,32.852,179.0,18.377,199
15-Oct-23,93.0,122.0,175.335,96.0,59.38,217
16-Oct-23,108.0,67.0,79.412,88.0,13.524,141
17-Oct-23,89.0,118.0,21.0,76.0,13.402,117
18-Oct-23,96.0,113.0,18.0,50.0,23.097,126
19-Oct-23,156.0,128.0,20.0,86.0,187.45,206
20-Oct-23,212.0,110.0,29.0,73.0,87.28,262
21-Oct-23,221.0,131.0,18.0,52.0,87.461,271
22-Oct-23,228.0,136.0,28.0,52.0,16.113,278
23-Oct-23,164.0,133.0,18.0,75.0,17.0,214
24-Oct-23,196.0,154.0,39.0,148.0,27.895,246
25-Oct-23,232.0,136.0,18.0,199.0,178.931,282
26-Oct-23,210.0,173.0,35.0,124.0,27.901,260
27-Oct-23,237.0,135.0,19.0,207.0,2.228,287
28-Oct-23,258.0,181.0,19.0,56.0,3.31,308
29-Oct-23,362.0,190.0,28.0,87.0,24.709,408
30-Oct-23,330.0,193.0,18.0,99.0,170.71,380
31-Oct-23,341.0,151.0,32.0,89.0,51.174,391
1-Nov-23,297.0,127.0,20.0,8.969,3.0,347
2-Nov-23,308.0,154.0,27.0,10.721,3.0,358
3-Nov-23,272.0,143.0,18.0,9.867,43.0,322
4-Nov-23,320.0,163.0,26.0,29.1269,6.0,370
5-Nov-23,294.0,184.0,41.0,19.0,3.0,344
6-Nov-23,352.0,174.0,30.0,18.0,6.0,402
7-Nov-23,403.0,173.0,27.0,17.0,3.0,436
8-Nov-23,367.0,172.0,48.0,7.0,4.0,412
9-Nov-23,382.0,209.0,35.0,8.0,6.0,422
10-Nov-23,158.0,181.0,29.0,8.0,4.0,208
11-Nov-23,162.0,215.0,22.0,10.0,4.0,212
12-Nov-23,172.0,167.0,31.0,10.0,87.0,222
13-Nov-23,267.0,201.0,35.0,14.0,120.0,317
14-Nov-23,252.0,187.0,29.0,23.0,133.0,302
15-Nov-23,236.0,55.0,34.0,7.0,66.0,286
16-Nov-23,295.0,188.0,48.0,17.0,70.0,345
17-Nov-23,276.0,97.0,22.0,12.0,68.0,326
18-Nov-23,283.0,167.0,25.0,62.0,69.0,333
19-Nov-23,300.0,124.0,49.0,6.0,100.0,350
20-Nov-23,285.0,164.0,19.0,107.0,115.0,335
21-Nov-23,277.0,149.0,200.0,15.0,125.0,327
22-Nov-23,263.0,167.0,202.0,15.0,123.0,313
23-Nov-23,384.0,167.0,54.0,18.0,141.0,423
24-Nov-23,401.0,171.0,67.0,18.0,131.0,434
25-Nov-23,290.0,181.0,190.0,12.0,151.0,340
26-Nov-23,365.0,161.0,200.0,14.0,142.0,410
27-Nov-23,378.0,187.0,179.0,16.0,138.0,419
28-Nov-23,358.0,167.0,185.0,8.0,175.0,406
29-Nov-23,332.0,200.0,154.0,8.0,171.0,382
30-Nov-23,225.0,172.0,105.0,23.0,156.0,275
