Date(D/M/YYYY),PM2.5,PM10,O3,NO2,SO2
1-Jun-19,222,190,121,108,42
2-Jun-19,170,153,85,93,26
3-Jun-19,223,263,94,74,37
4-Jun-19,153,126,110,41,4
5-Jun-19,157,130,111,40,8
6-Jun-19,129,77,114,26,2
7-Jun-19,149,78,97,61,5
8-Jun-19,156,112,99,75,35
9-Jun-19,160,112,93,78,19
10-Jun-19,168,151,104,89,23
11-Jun-19,171,253,86,65,23
12-Jun-19,160,173,86,36,5
13-Jun-19,142,122,86,66,8
14-Jun-19,156,129,109,92,19
15-Jun-19,188,170,87,59,19
16-Jun-19,154,126,77,43,77
17-Jun-19,153,75,81,54,1
18-Jun-19,128,118,98,27,1
19-Jun-19,169,179,114,53,7
20-Jun-19,153,144,97,62,18
21-Jun-19,188,141,96,59,17
22-Jun-19,159,141,96,57,17
23-Jun-19,160,134,96,57,16
24-Jun-19,163,135,96,57,16
25-Jun-19,176,135,95,58,17
26-Jun-19,166,138,94,60,18
27-Jun-19,135,141,94,60,18
28-Jun-19,186,144,93,59,17
29-Jun-19,151,144,93,58,17
30-Jun-19,149,144,93,56,17
1-Jul-19,152,162,97,60,12
2-Jul-19,156,162,95,58,14
3-Jul-19,158,109,113,27,11
4-Jul-19,154,85,131,27,10
5-Jul-19,124,38,110,41,16
6-Jul-19,141,65,59,80,16
7-Jul-19,149,67,89,32,16
8-Jul-19,155,90,69,37,17
9-Jul-19,127,69,90,21,16
10-Jul-19,153,112,68,21,16
11-Jul-19,139,95,92,40,16
12-Jul-19,171,232,60,193,16
13-Jul-19,139,84,109,299,16
14-Jul-19,89,31,87,27,16
15-Jul-19,137,100,90,68,16
16-Jul-19,119,95,90,69,16
17-Jul-19,103,90,89,70,14
18-Jul-19,119,89,88,73,15
19-Jul-19,133,89,85,76,15
20-Jul-19,136,93,83,79,15
21-Jul-19,135,48,72,29,6
22-Jul-19,156,63,14,13,14
23-Jul-19,164,83,78,56,14
24-Jul-19,156,19,85,6,14
25-Jul-19,105,90,84,62,14
26-Jul-19,103,87,84,62,15
27-Jul-19,108,84,82,62,15
28-Jul-19,123,83,80,64,14
29-Jul-19,123,83,79,65,14
30-Jul-19,125,85,80,66,14
31-Jul-19,106,85,79,66,14
1-Aug-19,116,21,62,21,14
2-Aug-19,78,21,62,71,2
3-Aug-19,101,35,7,27,26
4-Aug-19,113,34,18,54,63
5-Aug-19,105,27,37,43,26
6-Aug-19,141,29,31,48,29
7-Aug-19,114,31,23,43,36
8-Aug-19,164,30,27,47,38
9-Aug-19,154,71,29,45,18
10-Aug-19,143,35,27,45,15
11-Aug-19,104,31,31,45,26
12-Aug-19,112,32,68,45,27
13-Aug-19,104,31,66,45,12
14-Aug-19,123,33,38,45,13
15-Aug-19,113,28,28,45,24
16-Aug-19,98,22,26,45,14
17-Aug-19,85,20,21,45,15
18-Aug-19,119,27,75,45,23
19-Aug-19,98,28,79,45,23
20-Aug-19,133,44,44,45,17
21-Aug-19,142,67,50,50,16
22-Aug-19,129,48,27,41,18
23-Aug-19,131,45,80,40,24
24-Aug-19,157,65,80,47,17
25-Aug-19,144,42,76,27,15
26-Aug-19,115,48,55,43,17
27-Aug-19,160,59,56,47,18
28-Aug-19,198,59,56,47,18
29-Aug-19,160,47,62,31,14
30-Aug-19,143,35,33,32,14
31-Aug-19,174,48,40,25,18
1-Sep-19,146,56,41,32,47
2-Sep-19,148,51,46,45,14
3-Sep-19,166,67,85,50,15
4-Sep-19,167,53,55,41,14
5-Sep-19,101,23,56,40,12
6-Sep-19,136,42,56,47,12
7-Sep-19,133,41,62,27,13
8-Sep-19,163,44,33,43,12
9-Sep-19,155,49,70,47,11
10-Sep-19,151,42,37,47,10
11-Sep-19,155,48,56,31,12
12-Sep-19,162,59,51,32,12
13-Sep-19,157,47,56,25,23
14-Sep-19,159,35,56,32,11
15-Sep-19,158,48,63,45,4
16-Sep-19,145,56,47,50,3
17-Sep-19,136,51,55,41,3
18-Sep-19,159,67,42,40,3
19-Sep-19,133,53,60,47,3
20-Sep-19,128,23,63,27,3
21-Sep-19,183,42,57,43,35
22-Sep-19,155,41,62,47,4
23-Sep-19,130,44,19,47,3
24-Sep-19,133,49,57,31,15
25-Sep-19,150,42,62,32,13
26-Sep-19,161,48,19,25,3
27-Sep-19,156,34,46,32,3
28-Sep-19,116,20,55,9,3
29-Sep-19,93,26,41,11,3
30-Sep-19,183,60,50,37,4
1-Oct-19,142,47,22,29,3
2-Oct-19,162,59,57,37,4
3-Oct-19,163,48,56,27,3
4-Oct-19,185,64,51,41,4
5-Oct-19,143,87,56,36,15
6-Oct-19,142,44,56,32,16
7-Oct-19,144,56,63,27,15
8-Oct-19,155,57,47,44,22
9-Oct-19,185,67,55,46,21
10-Oct-19,184,52,42,40,25
11-Oct-19,224,57,60,56,16
12-Oct-19,192,69,63,49,23
13-Oct-19,200,57,57,45,25
14-Oct-19,200,52,62,50,22
15-Oct-19,188,57,19,45,10
16-Oct-19,223,69,66,43,13
17-Oct-19,246,57,17,44,13
18-Oct-19,156,52,59,13,9
19-Oct-19,163,40,17,21,10
20-Oct-19,165,32,59,30,9
21-Oct-19,187,172,44,28,28
22-Oct-19,193,182,53,26,18
23-Oct-19,213,133,52,21,17
24-Oct-19,237,111,56,20,22
25-Oct-19,253,110,56,15,15
26-Oct-19,294,162,2,18,2
27-Oct-19,265,91,17,40,43
28-Oct-19,297,299,57,32,17
29-Oct-19,315,106,19,106,32
30-Oct-19,374,120,59,32,36
31-Oct-19,338,159,20,107,39
1-Nov-19,402,183,36,70,57
2-Nov-19,288,148,25,29,46
3-Nov-19,255,113,39,81,39
4-Nov-19,248,123,32,96,39
5-Nov-19,204,122,39,88,49
6-Nov-19,266,157,46,66,25
7-Nov-19,136,40,17,38,14
8-Nov-19,165,66,39,16,6
9-Nov-19,200,40,167,15,25
10-Nov-19,182,32,166,12,36
11-Nov-19,207,81,182,19,41
12-Nov-19,272,227,17,123,26
13-Nov-19,370,262,18,129,28
14-Nov-19,369,111,24,149,46
15-Nov-19,286,98,13,150,44
16-Nov-19,259,82,24,549,51
17-Nov-19,188,57,25,57,21
18-Nov-19,214,97,30,94,40
19-Nov-19,299,168,41,113,50
20-Nov-19,310,118,41,182,49
21-Nov-19,451,223,46,97,19
22-Nov-19,319,149,12,79,40
23-Nov-19,181,101,53,58,27
24-Nov-19,186,112,19,62,33
25-Nov-19,236,137,12,95,27
26-Nov-19,333,171,53,107,56
27-Nov-19,186,81,19,56,24
28-Nov-19,227,103,16,47,20
29-Nov-19,221,100,27,70,21
30-Nov-19,200,127,29,82,37
1-Dec-19,254,81,27,70,36
2-Dec-19,273,174,32,114,57
3-Dec-19,276,186,34,127,54
4-Dec-19,324,178,37,138,44
5-Dec-19,333,173,29,120,28
6-Dec-19,370,81,37,120,44
7-Dec-19,317,170,40,131,43
8-Dec-19,369,186,40,144,38
9-Dec-19,337,182,24,147,44
10-Dec-19,478,202,31,150,43
11-Dec-19,380,168,19,125,31
12-Dec-19,281,103,11,59,17
13-Dec-19,171,55,20,40,7
14-Dec-19,224,86,11,53,12
15-Dec-19,192,80,14,42,10
16-Dec-19,189,81,12,39,4
17-Dec-19,260,132,14,73,7
18-Dec-19,294,138,18,75,8
19-Dec-19,236,115,13,45,4
20-Dec-19,417,170,8,67,15
21-Dec-19,305,125,11,60,17
22-Dec-19,276,119,10,54,10
23-Dec-19,313,140,10,68,11
24-Dec-19,280,119,11,60,12
25-Dec-19,282,140,10,54,15
26-Dec-19,296,101,10,50,15
27-Dec-19,315,105,13,54,11
28-Dec-19,330,101,5,45,10
29-Dec-19,312,101,10,50,15
30-Dec-19,301,105,13,54,11
31-Dec-19,300,101,5,45,10
1-Jan-20,355,192,12,11,15
2-Jan-20,375,305,15,86,35
3-Jan-20,311,269,25,95,65
4-Jan-20,370,260,20,108,48
5-Jan-20,246,72,11,63,32
6-Jan-20,189,47,7,45,12
7-Jan-20,238,32,9,43,11
8-Jan-20,199,49,11,48,13
9-Jan-20,199,103,18,69,26
10-Jan-20,216,30,21,72,29
11-Jan-20,225,29,23,89,37
12-Jan-20,206,33,25,55,25
13-Jan-20,164,74,11,31,11
14-Jan-20,183,143,11,81,37
15-Jan-20,205,142,18,32,25
16-Jan-20,250,105,21,58,11
17-Jan-20,334,71,23,70,21
18-Jan-20,337,143,20,80,21
19-Jan-20,327,142,23,83,27
20-Jan-20,224,105,25,81,33
21-Jan-20,173,71,15,32,20
22-Jan-20,173,69,23,58,26
23-Jan-20,187,78,20,70,41
24-Jan-20,202,100,25,79,38
25-Jan-20,237,128,21,94,48
26-Jan-20,291,78,20,94,48
27-Jan-20,278,132,14,83,30
28-Jan-20,205,59,8,37,9
29-Jan-20,183,61,19,35,10
30-Jan-20,226,83,16,48,11
31-Jan-20,113,91,27,66,38
1-Feb-20,34,109,28,61,21
2-Feb-20,33,129,31,75,27
3-Feb-20,33,129,32,81,27
4-Feb-20,38,128,20,78,17
5-Feb-20,33,89,36,55,40
6-Feb-20,33,103,34,66,22
7-Feb-20,33,162,28,95,34
8-Feb-20,34,133,26,86,46
9-Feb-20,31,141,35,74,31
10-Feb-20,34,133,28,86,46
11-Feb-20,116,73,23,94,36
12-Feb-20,186,52,19,68,46
13-Feb-20,181,50,28,54,42
14-Feb-20,138,46,33,51,31
15-Feb-20,158,38,43,60,36
16-Feb-20,180,36,44,82,34
17-Feb-20,203,78,29,91,68
18-Feb-20,199,137,43,93,77
19-Feb-20,185,103,44,45,28
20-Feb-20,173,66,44,46,20
21-Feb-20,110,39,41,38,18
22-Feb-20,200,88,39,67,28
23-Feb-20,194,91,38,72,49
24-Feb-20,224,103,38,71,36
25-Feb-20,209,96,40,74,50
26-Feb-20,222,103,43,68,42
27-Feb-20,195,86,38,48,18
28-Feb-20,198,80,36,34,11
29-Feb-20,111,30,37,22,8
1-Mar-20,164,52,40,40,18
2-Mar-20,171,87,43,54,25
3-Mar-20,161,73,57,40,43
4-Mar-20,228,68,43,47,22
5-Mar-20,111,30,36,28,9
6-Mar-20,89,17,29,23,5
7-Mar-20,73,20,29,18,2
8-Mar-20,119,40,30,27,4
9-Mar-20,101,52,36,43,11
10-Mar-20,180,93,40,70,30
11-Mar-20,143,49,25,42,11
12-Mar-20,69,25,51,12,3
13-Mar-20,91,28,45,27,9
14-Mar-20,147,48,28,33,14
15-Mar-20,174,84,37,42,17
16-Mar-20,170,104,32,62,28
17-Mar-20,166,84,47,53,35
18-Mar-20,168,89,41,56,24
19-Mar-20,195,98,55,56,27
20-Mar-20,217,92,48,56,41
21-Mar-20,151,61,44,32,22
22-Mar-20,215,79,42,32,27
23-Mar-20,130,98,48,56,41
24-Mar-20,122,92,44,32,22
25-Mar-20,88,29,33,9,6
26-Mar-20,97,35,43,11,6
27-Mar-20,51,16,26,2,1
28-Mar-20,62,26,30,8,3
29-Mar-20,98,36,38,10,8
30-Mar-20,101,46,37,18,21
31-Mar-20,100,37,36,13,4
1-Apr-20,73,29.368,48,8.969,87
2-Apr-20,54,33.235,44,10.721,120
3-Apr-20,96,42.663,33,82,133
4-Apr-20,108,45.038,43,86,66
5-Apr-20,126,56.978,26,9.867,70
6-Apr-20,58,12.665,30,147,68
7-Apr-20,68,14.999,38,82,69
8-Apr-20,70,40,37,86,100
9-Apr-20,120,36,36,89,115
10-Apr-20,87,33,29,65,125
11-Apr-20,88,33,34,179,123
12-Apr-20,111,33,48,96,141
13-Apr-20,144,34,22,88,131
14-Apr-20,129,35,25,76,151
15-Apr-20,137,35,49,50,142
16-Apr-20,106,27.363,19,86,138
17-Apr-20,101,33.304,200,73,175
18-Apr-20,56,16.984,202,52,171
19-Apr-20,78,10.264,54,52,156
20-Apr-20,94,8.538,67,75,165
21-Apr-20,83,18.214,190,148,141
22-Apr-20,153,7.186,200,199,157
23-Apr-20,121,27.291,179,124,172
24-Apr-20,136,27.291,185,207,175
25-Apr-20,118,6.594,154,56,185
26-Apr-20,120,56,105,87,209
27-Apr-20,64,56,60,99,206
28-Apr-20,93,47,143,89,160
29-Apr-20,120,64,143,8.969,157
30-Apr-20,122,29,77,10.721,203
1-May-20,159,19,154,9.867,203
2-May-20,119,16,239,29.1269,148
3-May-20,132,23,159,19,87
4-May-20,119,27,203,18,112
5-May-20,116,16,136,17,171
6-May-20,178,39,77,7,195
7-May-20,118,34,174,8,197
8-May-20,146,34,206,8,194
9-May-20,134,13,151,10,181
10-May-20,166,17,147,10,175
11-May-20,117,24,161,14,153
12-May-20,156,21,80,23,162
13-May-20,114,28,203,7,152
14-May-20,121,21,158,17,143
15-May-20,132,56,153,12,129
16-May-20,188,56,130,62,208
17-May-20,129,47,154,6,157
18-May-20,131,64,239,107,167
19-May-20,199,29,159,15,194
20-May-20,120,19,203,15,123
21-May-20,142,16,136,18,10.557
22-May-20,161,23,77,18,5.858
23-May-20,135,27,174,12,18.746
24-May-20,102,16,206,14,11.335
25-May-20,119,39,151,16,19.854
26-May-20,135,34,147,8,28.076
27-May-20,103,34,161,8,23.421
28-May-20,103,13,80,23,18.377
29-May-20,100,17,203,71,59.38
30-May-20,104,24,158,34,13.524
31-May-20,99,21,153,28,13.402
1-Jun-20,92,28,130,133,23.097
2-Jun-20,111,21,29,35,187.45
3-Jun-20,125,56,22,29,87.28
4-Jun-20,120,56,31,32,87.461
5-Jun-20,105,47,35,28,16.113
6-Jun-20,93,64,29,35,17
7-Jun-20,167,29,34,35,27.895
8-Jun-20,159,19,48,42,178.931
9-Jun-20,168,16,22,28,27.901
10-Jun-20,162,23,25,71,2.228
11-Jun-20,172,27,49,105,3.31
12-Jun-20,148,16,19,97,24.709
13-Jun-20,139,39,200,77,170.71
14-Jun-20,144,34,202,108,51.174
15-Jun-20,158,34,54,81,3
16-Jun-20,154,13,67,54,3
17-Jun-20,157,17,190,64,43
18-Jun-20,153,24,200,80,6
19-Jun-20,139,21,179,28,3
20-Jun-20,153,28,185,98,6
21-Jun-20,151,21,154,106,3
22-Jun-20,112,56,105,47,4
23-Jun-20,138,56,60,48,6
24-Jun-20,123,47,143,28,4
25-Jun-20,111,64,143,67,4
26-Jun-20,119,29,77,79,87
27-Jun-20,146,19,154,66,120
28-Jun-20,145,16,239,108,133
29-Jun-20,88,23,159,97,66
30-Jun-20,148,27,203,87,70
1-Jul-20,153,16,136,28,68
2-Jul-20,146,39,77,28,69
3-Jul-20,144,34,174,42,100
4-Jul-20,127,34,206,33,115
5-Jul-20,132,13,151,28,125
6-Jul-20,140,17,147,42,123
7-Jul-20,128,24,161,63,141
8-Jul-20,60,21,80,65,131
9-Jul-20,103,28,203,28,151
10-Jul-20,134,21,158,31,142
11-Jul-20,78,48.838,153,37,138
12-Jul-20,49,24.929,130,80,175
13-Jul-20,120,28,32.852,33,171
14-Jul-20,129,21,29,11,156
15-Jul-20,109,48.838,34,36,165
16-Jul-20,157,24.929,48,27,141
17-Jul-20,127,34,22,45,157
18-Jul-20,130,13,25,28,172
19-Jul-20,99,17,49,12,175
20-Jul-20,69,24,19,10,185
21-Jul-20,78,21,200,64,209
22-Jul-20,143,28,202,51,206
23-Jul-20,152,21,54,56,160
24-Jul-20,133,24,67,73,157
25-Jul-20,110,21,190,36,203
26-Jul-20,86,28,200,145,203
27-Jul-20,131,21,179,200,148
28-Jul-20,98,48,185,147,87
29-Jul-20,89,21,154,82,112
30-Jul-20,59,43,105,86,171
31-Jul-20,70,56,60,89,195
1-Aug-20,70,56,143,65,197
2-Aug-20,62,47,143,179,194
3-Aug-20,83,64,77,96,181
4-Aug-20,78,29,154,88,175
5-Aug-20,86,19,239,76,153
6-Aug-20,73,16,159,50,162
7-Aug-20,52,23,203,86,152
8-Aug-20,92,27,136,73,143
9-Aug-20,110,16,77,52,129
10-Aug-20,83,39,174,52,208
11-Aug-20,145,34,206,75,157
12-Aug-20,94,34,151,148,167
13-Aug-20,100,13,147,199,194
14-Aug-20,57,17,161,124,123
15-Aug-20,71,24,80,207,10.557
16-Aug-20,102,21,203,56,5.858
17-Aug-20,90,28,158,87,18.746
18-Aug-20,104,21,153,99,11.335
19-Aug-20,80,34,130,89,19.854
20-Aug-20,61,13,154,8.969,28.076
21-Aug-20,57,17,239,10.721,23.421
22-Aug-20,162,24,159,9.867,18.377
23-Aug-20,105,21,203,29.1269,59.38
24-Aug-20,55,28,136,19,13.524
25-Aug-20,59,21,77,18,13.402
26-Aug-20,62,34,174,17,23.097
27-Aug-20,52,13,206,7,187.45
28-Aug-20,78,17,151,8,87.28
29-Aug-20,85,24,147,8,87.461
30-Aug-20,93,21,161,10,16.113
31-Aug-20,55,28,80,10,17
1-Sep-20,55,21,203,14,27.895
2-Sep-20,69,34,158,23,178.931
3-Sep-20,55,13,153,7,27.901
4-Sep-20,106,17,130,17,2.228
5-Sep-20,173,24,29,12,3.31
6-Sep-20,123,21,22,62,24.709
7-Sep-20,145,28,31,6,170.71
8-Sep-20,146,21,35,107,51.174
9-Sep-20,142,34,29,15,3
10-Sep-20,143,13,34,15,3
11-Sep-20,129,17,48,18,43
12-Sep-20,127,24,22,18,6
13-Sep-20,141,21,25,12,3
14-Sep-20,146,28,49,14,6
15-Sep-20,137,21,19,16,3
16-Sep-20,141,6,200,8,4
17-Sep-20,133,76,202,8,6
18-Sep-20,152,55,54,23,4
19-Sep-20,143,57,67,71,4
20-Sep-20,142,78,190,34,87
21-Sep-20,145,108,200,28,120
22-Sep-20,162,76,179,133,133
23-Sep-20,165,82,185,35,66
24-Sep-20,167,98,154,29,70
25-Sep-20,150,91,105,32,68
26-Sep-20,150,180,60,28,69
27-Sep-20,161,152,143,35,100
28-Sep-20,184,109,143,35,115
29-Sep-20,172,134,77,42,125
30-Sep-20,148,114,154,28,123
1-Oct-20,207,104,239,71,141
2-Oct-20,168,113,159,105,131
3-Oct-20,165,109,203,97,151
4-Oct-20,179,125,136,77,142
5-Oct-20,173,123,77,108,138
6-Oct-20,178,87,174,81,175
7-Oct-20,167,106,206,54,171
8-Oct-20,146,106,151,64,156
9-Oct-20,180,50,147,80,165
10-Oct-20,194,46,161,28,141
11-Oct-20,161,106,80,98,157
12-Oct-20,176,77,203,106,172
13-Oct-20,238,98,158,47,175
14-Oct-20,216,126,153,48,185
15-Oct-20,188,86,130,28,209
16-Oct-20,197,89,32.852,67,206
17-Oct-20,248,102,29,79,160
18-Oct-20,189,72,34,66,157
19-Oct-20,190,86,48,108,203
20-Oct-20,222,75,22,97,203
21-Oct-20,280,89,25,87,148
22-Oct-20,301,116,49,28,87
23-Oct-20,241,67,19,28,112
24-Oct-20,261,58,200,42,171
25-Oct-20,249,76,202,33,195
26-Oct-20,191,55,54,28,197
27-Oct-20,192,57,67,179,194
28-Oct-20,257,78,190,96,181
29-Oct-20,284,108,200,88,175
30-Oct-20,342,76,179,76,153
31-Oct-20,215,82,185,50,162
1-Nov-20,223,98,154,86,152
2-Nov-20,239,91,105,73,143
3-Nov-20,267,180,60,52,129
4-Nov-20,241,152,143,52,208
5-Nov-20,312,109,143,75,157
6-Nov-20,364,134,77,148,167
7-Nov-20,237,114,154,199,194
8-Nov-20,267,104,239,124,123
9-Nov-20,380,113,159,207,10.557
10-Nov-20,388,109,203,56,5.858
11-Nov-20,401,125,136,87,18.746
12-Nov-20,366,123,77,99,11.335
13-Nov-20,391,87,174,89,19.854
14-Nov-20,466,106,206,8.969,28.076
15-Nov-20,303,106,151,10.721,23.421
16-Nov-20,167,50,147,9.867,18.377
17-Nov-20,167,46,161,29.1269,59.38
18-Nov-20,207,106,80,19,13.524
19-Nov-20,244,77,203,18,13.402
20-Nov-20,252,98,158,17,23.097
21-Nov-20,188,126,153,7,187.45
22-Nov-20,249,86,130,8,87.28
23-Nov-20,337,89,154,8,87.461
24-Nov-20,184,102,239,10,16.113
25-Nov-20,276,72,159,10,17
26-Nov-20,226,86,203,14,27.895
27-Nov-20,174,75,136,23,178.931
28-Nov-20,219,89,77,7,27.901
29-Nov-20,266,116,174,17,2.228
30-Nov-20,375,67,206,12,3.31
1-Dec-20,331,58,151,62,24.709
2-Dec-20,215,109,147,6,170.71
3-Dec-20,295,125,161,107,51.174
4-Dec-20,335,123,80,15,3
5-Dec-20,303,87,203,15,3
6-Dec-20,396,106,158,18,43
7-Dec-20,250,106,153,18,6
8-Dec-20,305,50,130,12,3
9-Dec-20,215,46,29,10,6
10-Dec-20,235,106,22,107,3
11-Dec-20,224,77,31,15,4
12-Dec-20,134,98,35,15,6
13-Dec-20,162,77,29,18,4
14-Dec-20,179,76,34,18,4
15-Dec-20,192,55,48,12,87
16-Dec-20,203,57,22,10,120
17-Dec-20,285,78,25,18,133
18-Dec-20,279,108,49,12,66
19-Dec-20,352,76,19,10,70
20-Dec-20,308,82,200,64,68
21-Dec-20,323,98,202,51,69
22-Dec-20,402,91,54,56,100
23-Dec-20,400,180,67,73,115
24-Dec-20,429,152,190,36,125
25-Dec-20,433,109,200,145,123
26-Dec-20,358,134,179,200,141
27-Dec-20,195,114,185,147,131
28-Dec-20,199,104,154,82,151
29-Dec-20,259,113,105,86,142
30-Dec-20,341,109,60,89,138
31-Dec-20,376,125,143,65,175
1-Jan-21,378,123,143,179,171
2-Jan-21,334,87,77,96,156
3-Jan-21,241,106,154,88,165
4-Jan-21,201,106,239,76,141
5-Jan-21,145,50,159,50,157
6-Jan-21,147,46,203,86,172
7-Jan-21,182,106,136,73,175
8-Jan-21,186,77,77,52,185
9-Jan-21,230,98,174,52,209
10-Jan-21,226,126,206,75,206
11-Jan-21,366,86,151,148,160
12-Jan-21,304,89,147,199,157
13-Jan-21,312,102,161,124,203
14-Jan-21,280,72,80,207,203
15-Jan-21,386,86,203,56,148
16-Jan-21,316,75,158,87,87
17-Jan-21,234,89,153,99,112
18-Jan-21,291,116,130,89,171
19-Jan-21,255,67,32.852,8.969,195
20-Jan-21,224,58,30,10.721,197
21-Jan-21,261,109,27,9.867,194
22-Jan-21,228,125,48,29.1269,181
23-Jan-21,270,123,35,19,175
24-Jan-21,227,87,29,18,153
25-Jan-21,237,106,22,17,162
26-Jan-21,232,106,31,7,152
27-Jan-21,258,50,35,8,143
28-Jan-21,230,46,29,8,129
29-Jan-21,258,106,34,10,208
30-Jan-21,229,77,48,10,157
31-Jan-21,274,98,22,14,167
1-Feb-21,312,126,25,23,194
2-Feb-21,369,86,49,7,123
3-Feb-21,288,89,19,17,10.557
4-Feb-21,142,102,200,12,5.858
5-Feb-21,157,72,202,62,18.746
6-Feb-21,227,86,54,6,11.335
7-Feb-21,204,75,67,107,19.854
8-Feb-21,218,89,190,15,28.076
9-Feb-21,273,116,200,15,23.421
10-Feb-21,313,67,179,18,18.377
11-Feb-21,364,58,185,18,59.38
12-Feb-21,380,75,154,12,13.524
13-Feb-21,223,89,105,14,13.402
14-Feb-21,295,116,60,16,23.097
15-Feb-21,301,67,143,8,187.45
16-Feb-21,360,58,143,8,87.28
17-Feb-21,411,58,77,23,87.461
18-Feb-21,313,76,154,71,16.113
19-Feb-21,252,55,239,34,17
20-Feb-21,275,57,159,28,27.895
21-Feb-21,338,78,203,133,178.931
22-Feb-21,227,108,136,35,27.901
23-Feb-21,178,76,77,29,2.228
24-Feb-21,232,82,174,32,3.31
25-Feb-21,163,98,206,28,24.709
26-Feb-21,208,91,151,35,170.71
27-Feb-21,164,180,147,35,51.174
28-Feb-21,190,152,161,42,3
1-Mar-21,156,109,80,28,3
2-Mar-21,159,134,203,71,43
3-Mar-21,200,114,158,105,6
4-Mar-21,209,104,153,97,3
5-Mar-21,183,113,130,77,6
6-Mar-21,174,109,154,108,3
7-Mar-21,112,125,239,81,4
8-Mar-21,131,123,159,54,6
9-Mar-21,217,87,203,64,4
10-Mar-21,254,106,136,80,4
11-Mar-21,173,106,77,28,87
12-Mar-21,108,50,174,98,120
13-Mar-21,127,46,206,106,133
14-Mar-21,162,106,151,47,66
15-Mar-21,157,77,147,48,70
16-Mar-21,183,98,161,28,68
17-Mar-21,201,126,80,67,69
18-Mar-21,220,86,203,79,100
19-Mar-21,152,89,158,66,115
20-Mar-21,171,102,153,108,125
21-Mar-21,151,72,130,97,123
22-Mar-21,131,86,29,87,141
23-Mar-21,96,75,22,28,131
24-Mar-21,128,89,31,28,151
25-Mar-21,139,116,35,42,142
26-Mar-21,145,67,29,33,138
27-Mar-21,185,58,34,28,175
28-Mar-21,179,121,48,42,171
29-Mar-21,168,119,22,63,156
30-Mar-21,205,70,25,65,165
31-Mar-21,154,133,49,28,141
1-Apr-21,103,85,19,31,157
2-Apr-21,111,128,200,37,172
3-Apr-21,170,116,202,80,175
4-Apr-21,197,127,54,33,185
5-Apr-21,154,121,67,11,209
6-Apr-21,150,130,190,36,206
7-Apr-21,131,91,200,27,160
8-Apr-21,113,134,179,45,157
9-Apr-21,137,82,185,28,203
10-Apr-21,156,61,154,12,203
11-Apr-21,159,52,105,10,148
12-Apr-21,120,56,60,64,87
13-Apr-21,150,48,143,51,112
14-Apr-21,133,91,143,56,171
15-Apr-21,136,65,77,73,195
16-Apr-21,116,107,154,36,197
17-Apr-21,121,91,239,145,194
18-Apr-21,133,108,159,200,181
19-Apr-21,127,131,203,147,175
20-Apr-21,175,111,136,82,153
21-Apr-21,130,113,77,86,162
22-Apr-21,106,117,174,89,152
23-Apr-21,57,79,206,65,143
24-Apr-21,123,37,151,179,129
25-Apr-21,139,84,147,96,208
26-Apr-21,217,72,161,88,157
27-Apr-21,215,95,80,76,167
28-Apr-21,189,92,203,50,194
29-Apr-21,159,114,158,86,123
30-Apr-21,141,131,153,73,10.557
1-May-21,159,127,130,52,5.858
2-May-21,149,127,32.852,52,18.746
3-May-21,148,48,175.335,75,11.335
4-May-21,155,76,79.412,148,19.854
5-May-21,138,64,21,199,28.076
6-May-21,150,64,18,124,23.421
7-May-21,153,85,20,207,18.377
8-May-21,137,98,29,56,59.38
9-May-21,168,110,18,87,13.524
10-May-21,158,42,28,99,13.402
11-May-21,113,77,18,89,23.097
12-May-21,132,77,39,8.969,187.45
13-May-21,82,68,18,10.721,87.28
14-May-21,105,82,35,9.867,87.461
15-May-21,135,92,19,29.1269,16.113
16-May-21,133,101,19,19,17
17-May-21,111,109,28,18,27.895
18-May-21,128,50,18,17,178.931
19-May-21,128,76,32,7,27.901
20-May-21,120,55,20,8,2.228
21-May-21,68,57,27,8,3.31
22-May-21,114,78,18,10,24.709
23-May-21,107,108,26,10,170.71
24-May-21,121,76,41,14,51.174
25-May-21,129,82,30,23,3
26-May-21,127,98,27,7,3
27-May-21,140,91,48,17,43
28-May-21,164,180,35,12,6
29-May-21,178,152,29,62,3
30-May-21,104,109,22,6,6
31-May-21,148,134,31,107,3
1-Jun-21,78,114,35,15,4
2-Jun-21,122,104,29,15,6
3-Jun-21,104,113,34,18,4
4-Jun-21,142,109,48,18,4
5-Jun-21,107,125,22,12,87
6-Jun-21,118,123,25,14,120
7-Jun-21,132,87,49,16,133
8-Jun-21,121,106,19,8,66
9-Jun-21,141,106,200,8,70
10-Jun-21,153,50,202,23,68
11-Jun-21,120,46,54,71,69
12-Jun-21,121,106,67,34,100
13-Jun-21,83,77,190,28,115
14-Jun-21,120,98,200,133,125
15-Jun-21,151,126,179,35,123
16-Jun-21,106,86,185,29,141
17-Jun-21,154,89,154,32,131
18-Jun-21,140,102,105,28,151
19-Jun-21,128,72,60,35,142
20-Jun-21,74,86,143,35,138
21-Jun-21,106,75,143,42,175
22-Jun-21,118,89,77,28,171
23-Jun-21,131,116,154,71,156
24-Jun-21,127,67,239,105,165
25-Jun-21,95,58,159,97,141
26-Jun-21,117,72,203,77,157
27-Jun-21,119,78,136,108,172
28-Jun-21,115.5,80,77,81,175
29-Jun-21,115,50,174,54,185
30-Jun-21,111,64,206,64,209
1-Jul-21,115,61,151,80,206
2-Jul-21,116,60,147,28,160
3-Jul-21,116,32,161,98,157
4-Jul-21,114,27,80,106,203
5-Jul-21,113,64,203,47,203
6-Jul-21,115,91,158,48,148
7-Jul-21,114,110,153,28,87
8-Jul-21,114,62,130,67,112
9-Jul-21,151,43,30,79,171
10-Jul-21,160,46,27,66,195
11-Jul-21,144,39,48,108,197
12-Jul-21,92,39,35,97,194
13-Jul-21,112,64,29,87,181
14-Jul-21,112,39,22,28,175
15-Jul-21,100,31,31,28,153
16-Jul-21,102,64,35,42,162
17-Jul-21,142,45,29,33,152
18-Jul-21,152,66,34,28,143
19-Jul-21,117,99,48,179,129
20-Jul-21,63,79,22,96,208
21-Jul-21,89,76,25,88,157
22-Jul-21,120,119,49,76,167
23-Jul-21,114,119,19,50,194
24-Jul-21,119,118,200,86,123
25-Jul-21,130,123,202,73,10.557
26-Jul-21,143,60,54,52,5.858
27-Jul-21,137,56,67,52,18.746
28-Jul-21,110,58,190,75,11.335
29-Jul-21,74,12,200,148,19.854
30-Jul-21,71,74,179,199,28.076
31-Jul-21,127,53,185,124,23.421
1-Aug-21,165,45,154,207,18.377
2-Aug-21,103,72,105,56,59.38
3-Aug-21,148,39,60,87,13.524
4-Aug-21,119,74,143,99,13.402
5-Aug-21,139,59,143,89,23.097
6-Aug-21,135,81,77,8.969,187.45
7-Aug-21,125,65,154,10.721,87.28
8-Aug-21,132,74,239,9.867,87.461
9-Aug-21,133,56,159,29.1269,16.113
10-Aug-21,149,88,203,19,17
11-Aug-21,151,68,136,18,27.895
12-Aug-21,147,52,77,17,178.931
13-Aug-21,142,42,174,7,27.901
14-Aug-21,157,76,206,8,2.228
15-Aug-21,131,104,151,8,3.31
16-Aug-21,142,104,147,10,24.709
17-Aug-21,153,111,161,10,170.71
18-Aug-21,148,99,80,14,51.174
19-Aug-21,151,101,203,23,3
20-Aug-21,149,105,158,7,3
21-Aug-21,113,115,153,17,43
22-Aug-21,96,103,130,12,6
23-Aug-21,152,129,30,62,3
24-Aug-21,157,32,27,6,6
25-Aug-21,151,58,48,107,3
26-Aug-21,161,56,35,15,4
27-Aug-21,155,56,29,15,6
28-Aug-21,146,121,22,18,4
29-Aug-21,150,85,31,18,4
30-Aug-21,148,23,35,12,157
31-Aug-21,132,25,29,14,203
1-Sep-21,99,64,34,16,203
2-Sep-21,140,67,48,8,148
3-Sep-21,140,68,22,8,87
4-Sep-21,139,62,25,23,112
5-Sep-21,138,62,49,71,171
6-Sep-21,140,67,19,34,195
7-Sep-21,143,67,200,28,197
8-Sep-21,142,54,202,133,194
9-Sep-21,155,68,54,35,181
10-Sep-21,113,39,67,29,175
11-Sep-21,124,39,190,32,153
12-Sep-21,123,66,200,28,162
13-Sep-21,158,29,179,35,152
14-Sep-21,130,33,185,35,143
15-Sep-21,165,61,154,42,129
16-Sep-21,124,37,105,28,208
17-Sep-21,79,52,60,71,157
18-Sep-21,115,47,143,105,167
19-Sep-21,139,91,143,97,194
20-Sep-21,161,40,77,77,123
21-Sep-21,131,75,154,108,10.557
22-Sep-21,135,41,239,81,5.858
23-Sep-21,96,89,159,54,18.746
24-Sep-21,114,49,203,64,11.335
25-Sep-21,189,60,136,80,19.854
26-Sep-21,217,64,77,28,28.076
27-Sep-21,173,66,174,98,23.421
28-Sep-21,174,59,206,106,18.377
29-Sep-21,139,63,151,47,59.38
30-Sep-21,134,54,147,48,13.524
1-Oct-21,169,81,161,28,13.402
2-Oct-21,122,75,80,67,23.097
3-Oct-21,118,71,203,79,187.45
4-Oct-21,128,20,158,66,87.28
5-Oct-21,133,52,153,108,87.461
6-Oct-21,178,67,130,97,16.113
7-Oct-21,164,44,30,87,17
8-Oct-21,171,39,27,28,27.895
9-Oct-21,185,55,48,28,178.931
10-Oct-21,158,59,35,42,27.901
11-Oct-21,150,40,29,33,2.228
12-Oct-21,180,75,22,28,3.31
13-Oct-21,213,49,31,42,24.709
14-Oct-21,209,55,35,63,170.71
15-Oct-21,203,61,29,65,51.174
16-Oct-21,206,58,34,28,3
17-Oct-21,241,68,48,31,3
18-Oct-21,180,61,22,37,43
19-Oct-21,197,76,25,80,6
20-Oct-21,187,64,49,33,3
21-Oct-21,288,64,19,11,6
22-Oct-21,177,71,200,36,3
23-Oct-21,179,45,202,27,4
24-Oct-21,180,67,54,45,6
25-Oct-21,182,56,67,28,4
26-Oct-21,185,63,190,12,4
27-Oct-21,188,73,200,10,87
28-Oct-21,190,78,179,64,120
29-Oct-21,191,64,185,51,133
30-Oct-21,192,47,154,56,66
31-Oct-21,193,48,105,73,70
1-Nov-21,194,62,60,36,68
2-Nov-21,195,56,143,145,69
3-Nov-21,197,47,143,200,100
4-Nov-21,198,75,77,147,115
5-Nov-21,197,39,154,82,125
6-Nov-21,197,68,239,86,123
7-Nov-21,197,69,159,89,141
8-Nov-21,196,78,203,65,131
9-Nov-21,194,96,136,179,151
10-Nov-21,195,55,77,96,142
11-Nov-21,195,89,174,88,138
12-Nov-21,195,69,206,76,175
13-Nov-21,191,101,151,50,171
14-Nov-21,191,85,147,86,156
15-Nov-21,192,104,161,73,165
16-Nov-21,192,93,80,52,141
17-Nov-21,193,88,203,52,157
18-Nov-21,193,41,158,75,172
19-Nov-21,194,109,153,148,175
20-Nov-21,194,47,130,199,185
21-Nov-21,194,115,30.418,124,209
22-Nov-21,194,70,34.645,207,206
23-Nov-21,194,118,35.976,56,160
24-Nov-21,194,71,49.427,87,157
25-Nov-21,194,129,28.702,99,203
26-Nov-21,194,79,27.906,89,203
27-Nov-21,194,41,24.437,8.969,148
28-Nov-21,193,75,32.852,10.721,87
29-Nov-21,193,52,175.335,9.867,112
30-Nov-21,193,89,79.412,29.1269,171
1-Dec-21,193,65,21,19,195
2-Dec-21,193,97,18,18,197
3-Dec-21,193,70,20,17,194
4-Dec-21,366,108,29,7,181
5-Dec-21,201,91,18,8,175
6-Dec-21,201,68,28,8,153
7-Dec-21,201,58,18,10,162
8-Dec-21,292,76,39,10,152
9-Dec-21,336,36,18,14,143
10-Dec-21,334,57,35,23,129
11-Dec-21,292,63,19,7,208
12-Dec-21,368,81,19,17,157
13-Dec-21,379,68,28,12,167
14-Dec-21,426,80,18,62,194
15-Dec-21,499,77,32,6,123
16-Dec-21,339,67,20,107,10.557
17-Dec-21,347,71,27,15,5.858
18-Dec-21,276,81,18,15,18.746
19-Dec-21,288,62,26,18,11.335
20-Dec-21,386,87,41,18,19.854
21-Dec-21,360,59,30,12,28.076
22-Dec-21,475,83,27,14,23.421
23-Dec-21,392,65,48,16,18.377
24-Dec-21,448,98,35,8,59.38
25-Dec-21,460,67,29,8,13.524
26-Dec-21,503,104,22,23,13.402
27-Dec-21,391,69,31,71,23.097
28-Dec-21,231,53,35,34,187.45
29-Dec-21,381,69,29,28,87.28
30-Dec-21,284,86,34,133,87.461
31-Dec-21,385,63,48,35,16.113
1-Jan-22,360,90,22,29,17
2-Jan-22,347,84,25,32,27.895
3-Jan-22,294,88,49,28,178.931
4-Jan-22,195,75,19,35,27.901
5-Jan-22,171,86,200,35,2.228
6-Jan-22,195,79,202,42,3.31
7-Jan-22,217,83,54,28,24.709
8-Jan-22,148,73,67,71,170.71
9-Jan-22,165,91,190,105,51.174
10-Jan-22,277,71,200,97,3
11-Jan-22,212,68,179,77,3
12-Jan-22,355,75,185,108,43
13-Jan-22,283,93,154,81,6
14-Jan-22,290,72,105,54,3
15-Jan-22,344,96,60,64,6
16-Jan-22,346,75,143,80,3
17-Jan-22,382,104,143,28,4
18-Jan-22,399,89,77,98,6
19-Jan-22,313,69,154,106,4
20-Jan-22,274,91,239,47,4
21-Jan-22,174,67,159,48,87
22-Jan-22,211,82,203,28,120
23-Jan-22,153,71,136,67,133
24-Jan-22,207,44,77,79,66
25-Jan-22,209,97,174,66,70
26-Jan-22,281,52,206,108,68
27-Jan-22,243,60,151,97,69
28-Jan-22,217,56,147,87,100
29-Jan-22,290,84,161,28,115
30-Jan-22,265,55,80,28,125
31-Jan-22,292,63,203,42,123
1-Feb-22,316,48,158,33,141
2-Feb-22,201,56,153,28,131
3-Feb-22,214,41,130,34,151
4-Feb-22,238,76,58,28,142
5-Feb-22,258,82,72,133,138
6-Feb-22,230,37,64,35,175
7-Feb-22,210,78,53,29,171
8-Feb-22,202,66,45,32,156
9-Feb-22,235,76,38,28,165
10-Feb-22,241,93,41,35,141
11-Feb-22,192,78,63,35,157
12-Feb-22,239,110,56,42,172
13-Feb-22,202,84,66,28,175
14-Feb-22,216,92,44.352,71,185
15-Feb-22,256,88,60.767,105,209
16-Feb-22,365,74,62.204,97,206
17-Feb-22,355,86,30.418,77,160
18-Feb-22,246,81,34.645,108,157
19-Feb-22,199,73,35.976,81,203
20-Feb-22,179,93,49.427,54,203
21-Feb-22,196,83,28.702,64,148
22-Feb-22,172,110,27.906,80,87
23-Feb-22,145,81,24.437,28,112
24-Feb-22,221,132,32.852,98,171
25-Feb-22,188,86,175.335,106,195
26-Feb-22,114,145,79.412,47,197
27-Feb-22,218,88,21,48,194
28-Feb-22,219,129,18,28,181
1-Mar-22,219,104,20,67,175
2-Mar-22,219,115,29,79,153
3-Mar-22,218,98,18,66,162
4-Mar-22,219,108,28,108,152
5-Mar-22,218,104,18,97,143
6-Mar-22,219,121,39,87,129
7-Mar-22,219,119,18,28,208
8-Mar-22,217,70,35,28,157
9-Mar-22,151,133,19,42,167
10-Mar-22,168,85,19,33,194
11-Mar-22,205,128,28,28,123
12-Mar-22,203,116,18,42,10.557
13-Mar-22,202,127,32,63,5.858
14-Mar-22,200,121,20,65,18.746
15-Mar-22,198,130,27,28,11.335
16-Mar-22,195,91,18,31,19.854
17-Mar-22,193,134,26,37,28.076
18-Mar-22,190,82,41,80,23.421
19-Mar-22,194,61,30,33,18.377
20-Mar-22,201,52,27,11,59.38
21-Mar-22,187,56,48,36,13.524
22-Mar-22,202,48,35,27,13.402
23-Mar-22,197,91,29,45,23.097
24-Mar-22,196,65,22,28,187.45
25-Mar-22,196,107,31,12,87.28
26-Mar-22,195,91,35,10,87.461
27-Mar-22,195,108,29,64,16.113
28-Mar-22,195,131,34,51,17
29-Mar-22,195,111,48,56,27.895
30-Mar-22,195,113,22,73,178.931
31-Mar-22,195,117,25,36,27.901
1-Apr-22,195,79,49,145,2.228
2-Apr-22,195,122,19,200,3.31
3-Apr-22,195,67,200,147,24.709
4-Apr-22,151,118,202,82,170.71
5-Apr-22,222,113,54,86,51.174
6-Apr-22,240,128,67,89,3
7-Apr-22,271,110,190,65,3
8-Apr-22,213,131,200,179,43
9-Apr-22,240,136,179,96,6
10-Apr-22,236,133,185,88,3
11-Apr-22,404,154,154,76,6
12-Apr-22,247,136,105,50,3
13-Apr-22,259,173,60,86,4
14-Apr-22,263,135,143,73,6
15-Apr-22,266,181,143,52,4
16-Apr-22,266,190,77,52,4
17-Apr-22,272,193,154,75,87
18-Apr-22,203,151,239,148,120
19-Apr-22,206,127,159,199,133
20-Apr-22,160,154,203,124,66
21-Apr-22,185,143,136,207,70
22-Apr-22,151,163,77,56,68
23-Apr-22,179,184,174,87,69
24-Apr-22,157,174,206,99,100
25-Apr-22,167,173,151,89,115
26-Apr-22,171,172,147,8.969,125
27-Apr-22,200,209,161,10.721,123
28-Apr-22,224,181,80,9.867,141
29-Apr-22,167,215,203,29.1269,131
30-Apr-22,227,167,158,19,151
1-May-22,226,201,153,18,142
2-May-22,190,187,130,17,138
3-May-22,211,55,298,7,175
4-May-22,191,188,161,8,171
5-May-22,168,97,190,8,156
6-May-22,162,167,167,10,165
7-May-22,181,124,204,10,141
8-May-22,180,164,165,14,157
9-May-22,184,149,168,23,172
10-May-22,163,167,137,7,175
11-May-22,182,167,180,17,185
12-May-22,249,171,154,12,209
13-May-22,190,181,190,62,206
14-May-22,187,161,164,6,160
15-May-22,187,187,189,107,157
16-May-22,184,167,179,15,203
17-May-22,162,200,194,15,203
18-May-22,165,172,182,18,148
19-May-22,202,140,215,18,87
20-May-22,157,174,177,12,112
21-May-22,170,298,181,14,171
22-May-22,176,161,185,16,195
23-May-22,116,190,213,8,197
24-May-22,102,167,187,8,194
25-May-22,140,204,143,23,181
26-May-22,162,165,132,71,175
27-May-22,160,168,87,34,153
28-May-22,158,137,163,28,162
29-May-22,155,180,154,133,152
30-May-22,155,154,183,35,143
31-May-22,177,190,165,29,129
1-Jun-22,160,164,176,32,208
2-Jun-22,165,189,184,28,157
3-Jun-22,186,179,182,35,167
4-Jun-22,211,194,191,35,194
5-Jun-22,191,182,169,42,123
6-Jun-22,218,215,196,28,10.557
7-Jun-22,149,177,180,71,5.858
8-Jun-22,171,181,229,105,18.746
9-Jun-22,189,185,176,97,11.335
10-Jun-22,179,213,244,77,19.854
11-Jun-22,172,187,186,108,28.076
12-Jun-22,170,143,217,81,23.421
13-Jun-22,158,132,190,54,18.377
14-Jun-22,182,87,168,64,59.38
15-Jun-22,146,163,173,80,13.524
16-Jun-22,136,154,200,28,13.402
17-Jun-22,108,183,187,98,23.097
18-Jun-22,104,165,173,106,187.45
19-Jun-22,141,176,188,47,87.28
20-Jun-22,165,184,201,48,87.461
21-Jun-22,104,182,207,28,16.113
22-Jun-22,165,191,183,67,17
23-Jun-22,154,169,186,79,27.895
24-Jun-22,155,196,227,66,178.931
25-Jun-22,170,180,166,108,27.901
26-Jun-22,178,229,242,97,2.228
27-Jun-22,166,176,163,87,3.31
28-Jun-22,174,244,179,28,24.709
29-Jun-22,170,186,169,28,170.71
30-Jun-22,138,217,164,42,51.174
1-Jul-22,92,190,177,33,3
2-Jul-22,146,168,181,28,3
3-Jul-22,132,173,187,42,43
4-Jul-22,152,200,158,63,6
5-Jul-22,152,187,184,65,3
6-Jul-22,124,173,197,28,6
7-Jul-22,142,188,161,31,3
8-Jul-22,154,201,169,37,4
9-Jul-22,123,207,175,80,6
10-Jul-22,118,183,175,33,4
11-Jul-22,138,186,178,11,4
12-Jul-22,142,227,137,36,87
13-Jul-22,121,166,166,27,120
14-Jul-22,99,242,139,45,133
15-Jul-22,87,163,172,28,66
16-Jul-22,106,179,175,12,70
17-Jul-22,80,169,183,10,68
18-Jul-22,148,164,195,64,69
19-Jul-22,137,177,193,51,100
20-Jul-22,104,181,147,56,115
21-Jul-22,63,187,181,73,125
22-Jul-22,90,158,151,36,123
23-Jul-22,121,184,159,145,141
24-Jul-22,83,197,151,200,131
25-Jul-22,100,161,148,147,151
26-Jul-22,98,169,149,82,142
27-Jul-22,115,175,145,86,138
28-Jul-22,104,175,147,89,175
29-Jul-22,103,178,162,65,171
30-Jul-22,103,137,164,17,156
31-Jul-22,105,166,174,7,165
1-Aug-22,102,139,169,8,141
2-Aug-22,99,172,146,8,157
3-Aug-22,98,175,148,10,172
4-Aug-22,138,183,139,10,175
5-Aug-22,136,195,144,14,185
6-Aug-22,145,193,146,23,209
7-Aug-22,140,147,152,7,206
8-Aug-22,125,181,152,17,160
9-Aug-22,122,151,158,12,157
10-Aug-22,148,159,158,62,203
11-Aug-22,96,151,163,6,203
12-Aug-22,107,148,152,107,148
13-Aug-22,98,149,172,15,87
14-Aug-22,110,145,162,15,112
15-Aug-22,118,147,150,18,171
16-Aug-22,120,162,147,18,195
17-Aug-22,121,164,150,12,197
18-Aug-22,123,174,161,14,194
19-Aug-22,122,169,152,16,181
20-Aug-22,121,146,127,8,175
21-Aug-22,102,148,97,8,153
22-Aug-22,115,139,371,23,162
23-Aug-22,112,144,360,71,152
24-Aug-22,114,146,327,34,143
25-Aug-22,114,152,385,28,129
26-Aug-22,116,152,29.368,133,208
27-Aug-22,116,158,33.235,35,157
28-Aug-22,117,158,42.663,29,167
29-Aug-22,116,163,45.038,32,194
30-Aug-22,189,152,56.978,28,123
31-Aug-22,159,172,12.665,35,10.557
1-Sep-22,124,162,14.999,35,5.858
2-Sep-22,105,150,27.363,42,18.746
3-Sep-22,118,147,33.304,28,11.335
4-Sep-22,116,150,16.984,71,19.854
5-Sep-22,105,161,10.264,105,28.076
6-Sep-22,121,152,8.538,97,23.421
7-Sep-22,121,127,18.214,77,18.377
8-Sep-22,122,97,7.186,108,59.38
9-Sep-22,122,371,27.291,81,13.524
10-Sep-22,123,360,6.594,54,13.402
11-Sep-22,123,327,48.838,64,23.097
12-Sep-22,124,385,24.929,80,187.45
13-Sep-22,124,29.368,48,28,87.28
14-Sep-22,151,33.235,43,98,87.461
15-Sep-22,153,42.663,56,106,16.113
16-Sep-22,156,45.038,56,47,17
17-Sep-22,155,56.978,47,48,27.895
18-Sep-22,158,12.665,64,28,178.931
19-Sep-22,160,14.999,29,67,27.901
20-Sep-22,162,27.363,19,79,2.228
21-Sep-22,158,33.304,16,66,3.31
22-Sep-22,152,16.984,23,108,24.709
23-Sep-22,146,10.264,27,97,170.71
24-Sep-22,139,8.538,16,87,51.174
25-Sep-22,143,18.214,39,28,3
26-Sep-22,150,7.186,34,28,3
27-Sep-22,155,27.291,34,42,43
28-Sep-22,159,6.594,13,33,6
29-Sep-22,164,48.838,17,28,3
30-Sep-22,170,24.929,24,42,6
1-Oct-22,178,48,21,63,3
2-Oct-22,144,43,28,65,4
3-Oct-22,162,56,21,28,6
4-Oct-22,166,56,19,31,4
5-Oct-22,163,47,19,37,4
6-Oct-22,159,64,6,80,87
7-Oct-22,188,29,58,33,120
8-Oct-22,173,19,72,11,133
9-Oct-22,144,16,64,36,66
10-Oct-22,122,23,53,27,70
11-Oct-22,166,27,45,45,68
12-Oct-22,174,16,38,28,69
13-Oct-22,187,39,41,12,100
14-Oct-22,185,34,63,10,115
15-Oct-22,188,34,56,64,125
16-Oct-22,198,13,66,51,123
17-Oct-22,172,17,44.352,56,141
18-Oct-22,170,24,60.767,73,131
19-Oct-22,202,21,62.204,36,151
20-Oct-22,188,28,30.418,145,142
21-Oct-22,157,21,34.645,200,138
22-Oct-22,177,19,35.976,147,175
23-Oct-22,196,19,49.427,82,171
24-Oct-22,249,6,28.702,86,156
25-Oct-22,274,81,27.906,89,165
26-Oct-22,195,66,24.437,65,141
27-Oct-22,196,66,32.852,179,157
28-Oct-22,197,116,175.335,96,172
29-Oct-22,197,123,79.412,88,175
30-Oct-22,252,119,21,76,185
31-Oct-22,333,142,18,50,209
1-Nov-22,328,133,20,86,206
2-Nov-22,271,129,29,73,160
3-Nov-22,269,122,18,52,157
4-Nov-22,271,126,28,52,203
5-Nov-22,365,68,18,75,203
6-Nov-22,142,37,39,148,148
7-Nov-22,161,84,18,199,87
8-Nov-22,191,72,35,124,112
9-Nov-22,243,95,19,207,171
10-Nov-22,168,92,19,56,195
11-Nov-22,178,114,28,87,197
12-Nov-22,242,131,18,99,194
13-Nov-22,285,127,32,89,181
14-Nov-22,159,127,20,8.969,175
15-Nov-22,164,48,27,10.721,153
16-Nov-22,206,76,18,9.867,162
17-Nov-22,206,64,26,29.1269,152
18-Nov-22,179,64,41,19,143
19-Nov-22,46,85,30,18,129
20-Nov-22,44,98,27,17,208
21-Nov-22,57,110,48,7,157
22-Nov-22,41,42,35,8,167
23-Nov-22,160.6,77,29,8,194
24-Nov-22,158,77,22,10,123
25-Nov-22,152,68,31,10,10.557
26-Nov-22,151,82,35,14,5.858
27-Nov-22,150,92,29,23,18.746
28-Nov-22,143,101,34,7,11.335
29-Nov-22,134,109,48,17,19.854
30-Nov-22,132,50,22,12,28.076
1-Dec-22,130,76,25,62,23.421
2-Dec-22,125,55,49,6,18.377
3-Dec-22,120,57,19,107,59.38
4-Dec-22,116,78,200,15,13.524
5-Dec-22,120,108,202,15,13.402
6-Dec-22,269,76,54,18,23.097
7-Dec-22,249,82,67,18,187.45
8-Dec-22,282,98,190,12,87.28
9-Dec-22,274,91,200,14,87.461
10-Dec-22,205,180,179,16,16.113
11-Dec-22,176,152,185,8,17
12-Dec-22,179,109,154,8,27.895
13-Dec-22,182,134,105,23,178.931
14-Dec-22,191,114,60,71,27.901
15-Dec-22,218,104,143,34,2.228
16-Dec-22,222,113,143,28,3.31
17-Dec-22,315,109,77,133,24.709
18-Dec-22,362,125,154,35,170.71
19-Dec-22,491,123,239,29,51.174
20-Dec-22,355,87,159,32,3
21-Dec-22,381,106,203,28,3
22-Dec-22,459,106,136,35,43
23-Dec-22,391,50,77,35,6
24-Dec-22,272,46,174,42,3
25-Dec-22,267,106,206,28,6
26-Dec-22,379,77,151,71,3
27-Dec-22,392,98,147,105,4
28-Dec-22,433,126,161,97,6
29-Dec-22,451,86,80,77,4
30-Dec-22,216,89,203,108,4
31-Dec-22,221,102,158,81,157
1-Jan-23,248,72,153,54,203
2-Jan-23,409,86,130,64,203
3-Jan-23,383,75,58,80,148
4-Jan-23,466,89,72,28,87
5-Jan-23,395,116,64,98,112
6-Jan-23,427,67,53,106,171
7-Jan-23,384,58,45,47,195
8-Jan-23,326,72,38,48,197
9-Jan-23,328,78,41,28,194
10-Jan-23,447,80,63,67,181
11-Jan-23,343,50,56,79,175
12-Jan-23,286,64,66,66,153
13-Jan-23,306,61,44.352,108,162
14-Jan-23,185,60,60.767,97,152
15-Jan-23,185,32,62.204,87,143
16-Jan-23,228,27,30.418,28,129
17-Jan-23,216,64,34.645,28,208
18-Jan-23,279,91,35.976,42,157
19-Jan-23,206,110,49.427,33,167
20-Jan-23,194,62,28.702,28,194
21-Jan-23,188,43,27.906,34,123
22-Jan-23,196,46,24.437,28,10.557
23-Jan-23,174,39,32.852,133,5.858
24-Jan-23,196,39,175.335,35,18.746
25-Jan-23,213,64,79.412,29,11.335
26-Jan-23,212,39,21,32,19.854
27-Jan-23,169,31,18,28,28.076
28-Jan-23,227,64,20,35,23.421
29-Jan-23,277,45,29,35,18.377
30-Jan-23,159,66,18,42,59.38
31-Jan-23,177,99,28,28,13.524
1-Feb-23,168,79,18,71,13.402
2-Feb-23,230,76,39,105,23.097
3-Feb-23,249,119,18,97,187.45
4-Feb-23,211,119,35,77,87.28
5-Feb-23,187,118,19,108,87.461
6-Feb-23,158,123,19,81,16.113
7-Feb-23,131,60,28,54,17
8-Feb-23,207,56,18,64,27.895
9-Feb-23,277,58,32,80,178.931
10-Feb-23,189,12,20,28,27.901
11-Feb-23,142,74,27,98,2.228
12-Feb-23,156,53,18,106,3.31
13-Feb-23,152,45,26,47,24.709
14-Feb-23,195,72,41,48,170.71
15-Feb-23,207,39,30,28,51.174
16-Feb-23,259,74,27,67,3
17-Feb-23,348,59,48,79,3
18-Feb-23,204,81,35,66,43
19-Feb-23,204,65,29,108,6
20-Feb-23,201,74,22,97,3
21-Feb-23,201,56,31,87,6
22-Feb-23,202,88,35,28,3
23-Feb-23,202,68,29,28,4
24-Feb-23,202,52,34,42,6
25-Feb-23,203,42,48,33,4
26-Feb-23,203,76,22,28,4
27-Feb-23,203,104,25,42,87
28-Feb-23,203,104,49,63,120
1-Mar-23,204,111,19,65,133
2-Mar-23,203,99,200,28,66
3-Mar-23,201,101,202,31,70
4-Mar-23,202,105,54,37,68
5-Mar-23,167,115,67,80,69
6-Mar-23,164,103,190,33,100
7-Mar-23,177,129,200,11,115
8-Mar-23,190,32,179,36,125
9-Mar-23,162,58,185,27,123
10-Mar-23,174,56,154,45,141
11-Mar-23,176,56,105,28,131
12-Mar-23,167,121,60,12,151
13-Mar-23,177,85,143,10,142
14-Mar-23,179,23,143,64,138
15-Mar-23,186,25,77,51,175
16-Mar-23,117,64,154,56,171
17-Mar-23,98,67,239,73,156
18-Mar-23,126,68,159,36,165
19-Mar-23,162,62,203,145,141
20-Mar-23,183,62,136,200,157
21-Mar-23,108,67,77,147,172
22-Mar-23,144,67,174,82,175
23-Mar-23,148,54,206,86,185
24-Mar-23,121,68,151,89,209
25-Mar-23,91,39,147,65,206
26-Mar-23,134,39,161,179,160
27-Mar-23,137,66,80,96,157
28-Mar-23,167,29,203,88,203
29-Mar-23,235,33,158,76,203
30-Mar-23,125,61,153,50,148
31-Mar-23,93,37,130,86,87
1-Apr-23,112,52,58,73,112
2-Apr-23,148,47,72,52,171
3-Apr-23,126,91,64,52,195
4-Apr-23,117,40,53,75,197
5-Apr-23,131,75,45,148,194
6-Apr-23,135,41,38,199,181
7-Apr-23,128,89,41,124,175
8-Apr-23,145,49,63,207,153
9-Apr-23,166,60,56,56,162
10-Apr-23,168,64,66,87,152
11-Apr-23,189,66,44.352,99,143
12-Apr-23,155,59,60.767,89,129
13-Apr-23,142,63,62.204,8.969,208
14-Apr-23,142,54,30.418,10.721,157
15-Apr-23,179,81,34.645,9.867,167
16-Apr-23,138,75,35.976,29.1269,194
17-Apr-23,155,71,49.427,19,123
18-Apr-23,157,20,28.702,18,10.557
19-Apr-23,139,52,27.906,17,5.858
20-Apr-23,90,67,24.437,7,18.746
21-Apr-23,61,44,32.852,8,11.335
22-Apr-23,64,39,175.335,8,19.854
23-Apr-23,65,55,79.412,10,28.076
24-Apr-23,118,59,21,10,23.421
25-Apr-23,143,40,18,14,18.377
26-Apr-23,146,75,20,23,59.38
27-Apr-23,93,49,29,7,13.524
28-Apr-23,133,55,18,17,13.402
29-Apr-23,132,61,28,12,23.097
30-Apr-23,111,58,18,62,187.45
1-May-23,107,68,39,6,87.28
2-May-23,95,61,18,107,87.461
3-May-23,112,76,35,15,16.113
4-May-23,112,64,19,15,17
5-May-23,123,64,19,18,27.895
6-May-23,142,71,28,18,178.931
7-May-23,72,45,18,12,27.901
8-May-23,103,67,32,14,2.228
9-May-23,147,56,20,16,3.31
10-May-23,144,63,27,8,24.709
11-May-23,194,73,18,8,170.71
12-May-23,244,78,26,23,51.174
13-May-23,208,64,41,71,3
14-May-23,134,47,30,34,3
15-May-23,168,48,27,28,43
16-May-23,202,62,48,133,6
17-May-23,163,56,35,35,3
18-May-23,149,47,29,29,6
19-May-23,142,75,22,32,3
20-May-23,168,39,31,28,4
21-May-23,178,68,35,35,6
22-May-23,200,69,29,35,4
23-May-23,162,78,34,42,4
24-May-23,106,96,48,28,87
25-May-23,58,55,22,71,120
26-May-23,116,89,25,105,133
27-May-23,111,69,49,97,66
28-May-23,120,101,19,77,70
29-May-23,104,85,200,108,68
30-May-23,102,104,202,81,69
31-May-23,109,93,54,54,100
1-Jun-23,93,88,67,64,115
2-Jun-23,139,41,190,80,125
3-Jun-23,153,109,200,28,123
4-Jun-23,126,47,179,98,141
5-Jun-23,123,115,185,106,131
6-Jun-23,88,70,154,47,151
7-Jun-23,125,118,105,48,142
8-Jun-23,236,71,60,28,138
9-Jun-23,174,129,143,67,175
10-Jun-23,145,79,143,79,171
11-Jun-23,118,41,77,66,156
12-Jun-23,147,75,154,108,165
13-Jun-23,133,52,239,97,141
14-Jun-23,116,89,159,87,157
15-Jun-23,89,65,203,28,172
16-Jun-23,125,97,136,28,175
17-Jun-23,143,70,77,42,185
18-Jun-23,147,108,174,33,209
19-Jun-23,130,91,206,28,206
20-Jun-23,157,68,151,42,160
21-Jun-23,149,58,147,63,157
22-Jun-23,139,76,161,65,203
23-Jun-23,140,36,80,28,203
24-Jun-23,138,57,203,31,148
25-Jun-23,119,63,158,37,87
26-Jun-23,69,81,153,80,112
27-Jun-23,131,68,130,33,171
28-Jun-23,88,80,58,11,195
29-Jun-23,100,77,72,36,197
30-Jun-23,74,67,64,27,194
1-Jul-23,112,71,53,45,181
2-Jul-23,102,81,45,28,175
3-Jul-23,104,62,38,12,153
4-Jul-23,87,87,41,10,162
5-Jul-23,79,59,63,64,152
6-Jul-23,116,83,56,51,143
7-Jul-23,114,65,66,56,129
8-Jul-23,113,98,44.352,73,208
9-Jul-23,112,67,60.767,36,157
10-Jul-23,109,104,62.204,145,167
11-Jul-23,107,69,30.418,200,194
12-Jul-23,106,53,34.645,147,123
13-Jul-23,104,69,35.976,82,10.557
14-Jul-23,92,86,49.427,86,5.858
15-Jul-23,146,63,28.702,89,18.746
16-Jul-23,124,90,27.906,65,11.335
17-Jul-23,137,84,24.437,17,19.854
18-Jul-23,111,88,32.852,7,28.076
19-Jul-23,112,75,175.335,8,23.421
20-Jul-23,133,86,79.412,8,18.377
21-Jul-23,122,79,21,10,59.38
22-Jul-23,84,83,18,10,13.524
23-Jul-23,94,73,20,14,13.402
24-Jul-23,90,91,29,23,23.097
25-Jul-23,128,71,18,7,187.45
26-Jul-23,119,68,28,17,87.28
27-Jul-23,67,75,18,12,87.461
28-Jul-23,104,93,39,62,16.113
29-Jul-23,72,72,18,6,17
30-Jul-23,113,96,35,107,27.895
31-Jul-23,95,75,19,15,178.931
1-Aug-23,109,104,19,15,27.901
2-Aug-23,121,89,28,18,2.228
3-Aug-23,114,69,18,18,3.31
4-Aug-23,96,91,32,12,24.709
5-Aug-23,114,67,20,14,170.71
6-Aug-23,97,82,27,16,51.174
7-Aug-23,122,71,18,8,3
8-Aug-23,129,44,26,8,3
9-Aug-23,129,97,41,23,43
10-Aug-23,134,52,30,71,6
11-Aug-23,124,60,27,34,3
12-Aug-23,104,56,48,28,6
13-Aug-23,101,84,35,133,3
14-Aug-23,96,55,29,35,4
15-Aug-23,96,63,22,29,6
16-Aug-23,124,48,31,32,4
17-Aug-23,126,56,35,28,4
18-Aug-23,144,41,29,35,87
19-Aug-23,141,76,34,35,120
20-Aug-23,121,82,48,42,133
21-Aug-23,151,37,22,28,66
22-Aug-23,107,78,25,71,70
23-Aug-23,111,66,49,105,68
24-Aug-23,109,76,19,97,69
25-Aug-23,93,93,200,77,100
26-Aug-23,114,78,202,108,115
27-Aug-23,129,110,54,81,125
28-Aug-23,112,84,67,54,123
29-Aug-23,112,92,190,64,141
30-Aug-23,145,88,200,80,131
31-Aug-23,128,74,179,28,151
1-Sep-23,116,86,185,98,142
2-Sep-23,115,81,154,106,138
3-Sep-23,118,73,105,47,175
4-Sep-23,116,93,60,48,171
5-Sep-23,126,83,143,28,156
6-Sep-23,161,110,143,67,165
7-Sep-23,146,81,77,79,141
8-Sep-23,162,132,154,66,157
9-Sep-23,133,86,239,108,172
10-Sep-23,89,145,159,97,175
11-Sep-23,80,88,203,87,185
12-Sep-23,126,129,136,28,209
13-Sep-23,154,104,77,28,206
14-Sep-23,153,115,174,42,160
15-Sep-23,104,98,206,33,157
16-Sep-23,103,108,151,28,203
17-Sep-23,82,104,147,42,203
18-Sep-23,84,121,161,63,148
19-Sep-23,91,119,80,65,87
20-Sep-23,150,70,203,28,112
21-Sep-23,164,133,158,31,171
22-Sep-23,137,85,153,37,195
23-Sep-23,88,128,130,80,197
24-Sep-23,113,116,58,33,194
25-Sep-23,125,127,72,11,181
26-Sep-23,150,121,64,36,175
27-Sep-23,142,130,53,27,153
28-Sep-23,145,91,45,45,162
29-Sep-23,152,134,38,28,152
30-Sep-23,136,82,41,12,143
1-Oct-23,140,61,63,10,129
2-Oct-23,146,52,56,64,208
3-Oct-23,178,56,66,51,157
4-Oct-23,173,48,44.352,56,167
5-Oct-23,167,91,60.767,73,194
6-Oct-23,177,65,62.204,36,123
7-Oct-23,151,107,30.418,145,10.557
8-Oct-23,157,91,34.645,200,5.858
9-Oct-23,155,108,35.976,147,18.746
10-Oct-23,95,131,49.427,82,11.335
11-Oct-23,155,111,28.702,86,19.854
12-Oct-23,199,113,27.906,89,28.076
13-Oct-23,169,117,24.437,65,23.421
14-Oct-23,149,79,32.852,179,18.377
15-Oct-23,93,122,175.335,96,59.38
16-Oct-23,108,67,79.412,88,13.524
17-Oct-23,89,118,21,76,13.402
18-Oct-23,96,113,18,50,23.097
19-Oct-23,156,128,20,86,187.45
20-Oct-23,212,110,29,73,87.28
21-Oct-23,221,131,18,52,87.461
22-Oct-23,228,136,28,52,16.113
23-Oct-23,164,133,18,75,17
24-Oct-23,196,154,39,148,27.895
25-Oct-23,232,136,18,199,178.931
26-Oct-23,210,173,35,124,27.901
27-Oct-23,237,135,19,207,2.228
28-Oct-23,258,181,19,56,3.31
29-Oct-23,362,190,28,87,24.709
30-Oct-23,330,193,18,99,170.71
31-Oct-23,341,151,32,89,51.174
1-Nov-23,297,127,20,8.969,3
2-Nov-23,308,154,27,10.721,3
3-Nov-23,272,143,18,9.867,43
4-Nov-23,320,163,26,29.1269,6
5-Nov-23,294,184,41,19,3
6-Nov-23,352,174,30,18,6
7-Nov-23,403,173,27,17,3
8-Nov-23,367,172,48,7,4
9-Nov-23,382,209,35,8,6
10-Nov-23,158,181,29,8,4
11-Nov-23,162,215,22,10,4
12-Nov-23,172,167,31,10,87
13-Nov-23,267,201,35,14,120
14-Nov-23,252,187,29,23,133
15-Nov-23,236,55,34,7,66
16-Nov-23,295,188,48,17,70
17-Nov-23,276,97,22,12,68
18-Nov-23,283,167,25,62,69
19-Nov-23,300,124,49,6,100
20-Nov-23,285,164,19,107,115
21-Nov-23,277,149,200,15,125
22-Nov-23,263,167,202,15,123
23-Nov-23,384,167,54,18,141
24-Nov-23,401,171,67,18,131
25-Nov-23,290,181,190,12,151
26-Nov-23,365,161,200,14,142
27-Nov-23,378,187,179,16,138
28-Nov-23,358,167,185,8,175
29-Nov-23,332,200,154,8,171
30-Nov-23,225,172,105,23,156
